Time,x_sat,y_sat,z_sat,True_x,True_vx,True_y,True_vy,True_z,True_vz,InTrackAngle,CrossTrackAngle,Est_x,Est_vx,Est_y,Est_vy,Est_z,Est_vz,Cov_xx,Cov_vxvx,Cov_yy,Cov_vyvy,Cov_zz,Cov_vzvz,Track Error,Innovation_ITA,Innovation_CTA,InnovationCov_ITA,InnovationCov_CTA,DDF_Est_x,DDF_Est_vx,DDF_Est_y,DDF_Est_vy,DDF_Est_z,DDF_Est_vz,DDF_Cov_xx,DDF_Cov_vxvx,DDF_Cov_yy,DDF_Cov_vyvy,DDF_Cov_zz,DDF_Cov_vzvz,DDF Track Error,DDF_Innovation_ITA,DDF_Innovation_CTA,DDF_InnovationCov_ITA,DDF_InnovationCov_CTA,ET_Est_x,ET_Est_vx,ET_Est_y,ET_Est_vy,ET_Est_z,ET_Est_vz,ET_Cov_xx,ET_Cov_vxvx,ET_Cov_yy,ET_Cov_vyvy,ET_Cov_zz,ET_Cov_vzvz,ET_Track Error
0.000,2614.184,1830.472,-18098.931,4509.927,68.535,-4509.927,68.535,0.000,0.000
1.000,2839.290,1988.092,-18048.319,4577.938,67.485,-4440.874,69.568,0.000,0.000
2.000,3063.739,2145.253,-17993.535,4644.893,66.420,-4370.796,70.586,0.000,0.000
3.000,3287.480,2301.918,-17934.591,4710.774,65.340,-4299.708,71.587,0.000,0.000
4.000,3510.461,2458.051,-17871.501,4775.568,64.245,-4227.627,72.572,0.000,0.000
5.000,3732.630,2613.616,-17804.280,4839.259,63.135,-4154.571,73.539,0.000,0.000
6.000,3953.937,2768.576,-17732.943,4901.832,62.010,-4080.554,74.490,0.000,0.000
7.000,4174.329,2922.897,-17657.507,4963.274,60.871,-4005.596,75.424,0.000,0.000
8.000,4393.757,3076.542,-17577.989,5023.569,59.718,-3929.712,76.340,0.000,0.000
9.000,4612.169,3229.475,-17494.407,5082.704,58.551,-3852.921,77.239,0.000,0.000
10.000,4829.515,3381.663,-17406.782,5140.666,57.370,-3775.240,78.120,0.000,0.000
11.000,5045.744,3533.068,-17315.132,5197.440,56.176,-3696.687,78.983,0.000,0.000
12.000,5260.807,3683.657,-17219.480,5253.014,54.970,-3617.281,79.827,0.000,0.000,5223.273,54.012,-3589.882,81.216,-3.431,-1.001,10570.167,87.632,5293.436,23.956,441.722,7.833,56.083
13.000,5474.653,3833.394,-17119.847,5307.376,53.750,-3537.040,80.653,0.000,0.000,5275.240,52.626,-3510.718,81.746,-4.012,-0.957,12508.030,90.024,5836.067,20.759,418.546,6.421,57.785
14.000,5687.235,3982.245,-17016.257,5360.511,52.519,-3455.981,81.461,0.000,0.000,5327.012,51.338,-3429.025,82.478,-6.268,-1.083,14656.653,92.445,6370.049,17.891,397.215,5.325,59.438
15.000,5898.501,4130.175,-16908.733,5412.409,51.275,-3374.125,82.249,0.000,0.000,5377.524,50.044,-3346.341,83.217,-5.966,-0.956,17021.712,94.859,6889.689,15.310,377.642,4.465,61.045
16.000,6108.404,4277.150,-16797.300,5463.056,50.019,-3291.489,83.019,0.000,0.000,5426.434,48.718,-3263.261,83.901,-3.958,-0.698,19609.343,97.241,7388.864,12.985,359.699,3.780,62.604
17.000,6316.895,4423.137,-16681.984,5512.443,48.752,-3208.093,83.769,0.000,0.000,5474.178,47.397,-3179.837,84.546,-4.388,-0.676,22425.554,99.568,7861.499,10.894,343.246,3.231,64.118
18.000,6523.925,4568.102,-16562.812,5560.556,47.473,-3123.956,84.501,0.000,0.000,5520.517,46.064,-3095.447,85.196,-3.678,-0.568,25475.712,101.823,8301.949,9.024,328.139,2.785,65.585
19.000,6729.448,4712.010,-16439.811,5607.385,46.183,-3039.098,85.212,0.000,0.000,5565.287,44.716,-3011.056,85.775,-3.315,-0.499,28764.695,103.996,8705.303,7.363,314.247,2.419,67.008
20.000,6933.415,4854.829,-16313.010,5652.919,44.883,-2953.539,85.904,0.000,0.000,5609.289,43.387,-2924.724,86.443,-3.109,-0.448,32297.290,106.073,9066.581,5.907,301.449,2.117,68.387
21.000,7135.779,4996.526,-16182.438,5697.148,43.573,-2867.297,86.576,0.000,0.000,5652.084,42.056,-2838.370,87.052,-2.354,-0.367,36076.855,108.048,9382.442,4.649,289.637,1.866,69.722
22.000,7336.493,5137.068,-16048.125,5740.061,42.252,-2780.393,87.228,0.000,0.000,5692.806,40.685,-2752.277,87.571,-2.094,-0.326,40107.254,109.912,9648.969,3.589,278.714,1.656,71.015
23.000,7535.512,5276.422,-15910.102,5781.649,40.922,-2692.847,87.860,0.000,0.000,5732.299,39.322,-2665.490,88.089,-3.290,-0.380,44392.000,111.658,9862.388,2.725,268.592,1.478,72.265
24.000,7732.788,5414.557,-15768.401,5821.901,39.582,-2604.679,88.472,0.000,0.000,5771.033,37.968,-2577.314,88.647,-4.223,-0.413,48933.251,113.280,10020.229,2.057,259.194,1.327,73.475
25.000,7928.277,5551.439,-15623.055,5860.809,38.233,-2515.909,89.063,0.000,0.000,5808.524,36.612,-2488.224,89.208,-4.241,-0.390,53732.470,114.773,10121.025,1.585,250.452,1.198,74.644
26.000,8121.933,5687.039,-15474.097,5898.364,36.875,-2426.559,89.634,0.000,0.000,5844.077,35.226,-2399.368,89.696,-4.742,-0.396,58791.063,116.134,10163.523,1.310,242.309,1.087,75.773
27.000,8313.712,5821.324,-15321.563,5934.556,35.509,-2336.648,90.184,0.000,0.000,5878.083,33.827,-2309.852,90.167,-4.553,-0.364,64110.231,117.357,10146.218,1.233,234.710,0.992,76.863
28.000,8503.569,5954.263,-15165.486,5969.379,34.134,-2246.198,90.713,0.000,0.000,5910.923,32.437,-2220.045,90.616,-4.472,-0.341,69690.414,118.440,10068.870,1.356,227.610,0.910,77.915
29.000,8691.460,6085.826,-15005.904,6002.822,32.752,-2155.229,91.221,0.000,0.000,5942.805,31.041,-2128.475,91.116,-3.805,-0.290,75531.283,119.378,9931.694,1.679,220.966,0.838,78.928
30.000,8877.342,6215.982,-14842.853,6034.880,31.362,-2063.762,91.709,0.000,0.000,5973.113,29.644,-2037.633,91.532,-4.028,-0.286,81631.398,120.171,9736.377,2.203,214.741,0.775,79.904
31.000,9061.172,6344.701,-14676.370,6065.543,29.965,-1971.819,92.175,0.000,0.000,6002.055,28.247,-1946.497,91.924,-3.757,-0.259,87989.657,120.816,9483.587,2.930,208.902,0.720,80.842
32.000,9242.907,6471.953,-14506.495,6094.806,28.560,-1879.420,92.619,0.000,0.000,6028.496,26.805,-1855.032,92.269,-3.254,-0.224,94604.193,121.309,9175.400,3.861,203.419,0.672,81.744
33.000,9422.505,6597.709,-14333.267,6122.662,27.150,-1786.587,93.043,0.000,0.000,6054.479,25.394,-1763.008,92.624,-3.188,-0.210,101472.658,121.649,8814.322,4.996,198.266,0.630,82.609
34.000,9599.925,6721.940,-14156.725,6149.104,25.733,-1693.342,93.444,0.000,0.000,6078.230,23.938,-1669.941,92.970,-2.804,-0.184,108591.102,121.836,8403.998,6.335,193.418,0.593,83.437
35.000,9775.126,6844.617,-13976.910,6174.126,24.310,-1599.706,93.825,0.000,0.000
36.000,9948.068,6965.712,-13793.865,6197.722,22.881,-1505.700,94.183,0.000,0.000,6215.262,23.972,-1506.138,94.379,-2.549,-0.162,7979.766,8.477,534.355,1.385,195.928,0.552,44.979,6188.583,26.208,-1525.298,95.438,5.422,-0.616,1000.000,100.000,1000.000,100.000,1000.000,100.000,38.960
37.000,10118.709,7085.197,-13607.631,6219.886,21.447,-1411.346,94.520,0.000,0.000,6237.207,22.501,-1411.713,94.719,-3.140,-0.180,4876.627,5.117,314.187,1.230,203.630,0.545,40.364,6214.053,24.732,-1429.641,95.873,4.806,-0.616,1100.342,100.042,1100.421,100.190,1100.181,100.174,39.902
38.000,10287.012,7203.043,-13418.251,6240.615,20.009,-1316.667,94.835,0.000,0.000,6256.518,20.983,-1316.062,95.052,-3.157,-0.174,3932.836,4.004,240.642,1.214,211.724,0.539,38.528,6238.045,23.250,-1333.559,96.285,4.190,-0.617,1401.192,100.128,1401.811,100.433,1400.864,100.348,42.389
39.000,10452.936,7319.225,-13225.769,6259.902,18.565,-1221.684,95.128,0.000,0.000,6279.518,19.616,-1221.343,95.404,-3.149,-0.166,3557.490,3.469,205.234,1.241,220.115,0.534,37.695,6260.550,21.760,-1237.078,96.674,3.573,-0.617,1902.580,100.260,1904.671,100.727,1902.557,100.521,45.761
40.000,10616.445,7433.715,-13030.230,6277.744,17.118,-1126.418,95.399,0.000,0.000,6296.494,18.115,-1125.900,95.669,-3.947,-0.192,3423.744,3.168,185.770,1.290,228.627,0.529,37.366,6281.562,20.264,-1140.219,97.040,2.955,-0.618,2604.527,100.438,2609.511,101.072,2605.776,100.696,49.504
41.000,10777.499,7546.486,-12831.679,6294.136,15.666,-1030.892,95.648,0.000,0.000,6312.657,16.630,-1030.245,95.922,-4.692,-0.214,3422.100,2.987,174.897,1.354,236.994,0.523,37.335,6301.076,18.762,-1043.005,97.383,2.337,-0.618,3507.047,100.663,3516.856,101.467,3511.029,100.870,53.333
42.000,10936.061,7657.512,-12630.161,6309.074,14.211,-935.129,95.875,0.000,0.000,6328.638,15.180,-934.618,96.163,-3.796,-0.172,3438.160,2.883,170.189,1.333,225.624,0.492,37.246,6319.084,17.254,-945.461,97.702,1.719,-0.619,4610.147,100.935,4627.229,101.913,4618.832,101.044,57.115
43.000,11092.096,7766.769,-12425.724,6322.556,12.752,-839.149,96.080,0.000,0.000,6340.693,13.659,-838.344,96.358,-3.829,-0.167,3467.970,2.803,166.234,1.305,212.248,0.460,37.170,6335.583,15.741,-847.609,97.999,1.100,-0.619,5913.831,101.256,5941.162,102.407,5929.698,101.219,60.793
44.000,11245.566,7874.230,-12218.415,6334.577,11.291,-742.976,96.263,0.000,0.000,6353.354,12.203,-742.888,96.527,-3.491,-0.149,3522.898,2.740,162.500,1.290,200.916,0.435,37.154,6350.565,14.223,-749.472,98.271,0.481,-0.620,7418.107,101.626,7459.184,102.950,7444.140,101.394,64.346
45.000,11396.437,7979.871,-12008.280,6345.136,9.826,-646.631,96.423,0.000,0.000,6364.048,10.718,-646.440,96.697,-4.166,-0.168,3597.671,2.690,159.042,1.287,191.219,0.413,37.185,6364.027,12.699,-651.074,98.520,-0.139,-0.620,9122.980,102.045,9181.823,103.542,9162.671,101.569,67.771
46.000,11544.673,8083.667,-11795.370,6354.230,8.360,-550.136,96.562,0.000,0.000,6372.614,9.221,-549.754,96.836,-2.587,-0.106,3687.460,2.647,155.945,1.292,182.820,0.396,37.252,6375.963,11.172,-552.439,98.746,-0.760,-0.621,11028.459,102.515,11109.607,104.180,11085.809,101.744,71.073
47.000,11690.240,8185.594,-11579.734,6361.856,6.892,-453.515,96.677,0.000,0.000,6379.561,7.713,-452.890,96.953,-2.879,-0.114,3788.476,2.609,153.305,1.306,175.470,0.380,37.348,6386.370,9.641,-453.590,98.948,-1.381,-0.621,13134.560,103.036,13243.054,104.866,13214.067,101.919,74.258
48.000,11833.105,8285.630,-11361.420,6368.013,5.422,-356.789,96.771,0.000,0.000,6385.506,6.224,-356.354,97.039,-2.469,-0.096,3896.719,2.572,151.234,1.326,168.993,0.368,37.464,6395.244,8.106,-354.551,99.126,-2.002,-0.622,15441.311,103.609,15582.675,105.598,15547.963,102.094,77.334
49.000,11973.235,8383.749,-11140.480,6372.699,3.951,-259.980,96.842,0.000,0.000,6390.803,4.750,-259.596,97.120,-2.597,-0.097,4008.421,2.535,149.854,1.351,163.252,0.357,37.594,6402.581,6.568,-255.346,99.280,-2.624,-0.622,17948.744,104.235,18128.969,106.375,18088.009,102.270,80.310
50.000,12110.597,8479.931,-10916.965,6375.914,2.479,-163.112,96.891,0.000,0.000,6394.063,3.263,-162.754,97.171,-2.619,-0.095,4119.578,2.496,149.297,1.380,158.151,0.348,37.731,6408.379,5.027,-155.998,99.411,-3.247,-0.623,20656.915,104.914,20882.423,107.198,20834.722,102.445,83.194
51.000,12245.159,8574.153,-10690.926,6377.656,1.006,-66.205,96.918,0.000,0.000,6395.773,1.767,-65.387,97.215,-1.759,-0.063,4226.247,2.453,149.694,1.412,153.615,0.340,37.871,6412.635,3.484,-56.532,99.517,-3.870,-0.623,23565.896,105.647,23843.512,108.065,23788.617,102.621,85.992
52.000,12376.891,8666.392,-10462.415,6377.926,-0.467,30.716,96.922,0.000,0.000,6396.664,0.277,32.401,97.259,-1.499,-0.052,4324.400,2.404,151.168,1.445,149.587,0.333,38.008,6415.347,1.938,43.028,99.600,-4.493,-0.624,26675.764,106.434,27012.677,108.976,26950.219,102.797,88.711
53.000,12505.761,8756.628,-10231.486,6376.723,-1.940,127.630,96.903,0.000,0.000,6396.886,-1.196,130.218,97.292,-1.403,-0.046,4396.931,2.346,153.496,1.471,145.813,0.328,38.110,6416.513,0.391,142.659,99.658,-5.117,-0.624,29986.629,107.278,30390.357,109.930,30320.045,102.973,91.356
54.000,12631.741,8844.840,-9998.192,6374.047,-3.412,224.515,96.863,0.000,0.000,6395.763,-2.661,227.586,97.289,-1.755,-0.056,4408.850,2.271,155.813,1.476,142.061,0.323,38.116,6416.130,-1.157,242.337,99.693,-5.742,-0.625,33498.615,108.177,33976.975,110.927,33898.603,103.149,93.934
55.000,12754.800,8931.007,-9762.587,6369.899,-4.883,321.348,96.800,0.000,0.000,6392.112,-4.138,324.409,97.231,-1.889,-0.059,4568.869,2.236,162.709,1.545,139.920,0.319,38.404,6414.198,-2.707,342.037,99.703,-6.367,-0.625,37211.883,109.133,37772.893,111.967,37686.422,103.326,96.448
56.000,12874.911,9015.110,-9524.724,6364.281,-6.354,418.107,96.714,0.000,0.000,6385.947,-5.649,422.019,97.164,-1.171,-0.034,4519.935,2.145,165.992,1.533,136.897,0.316,38.328,6410.716,-4.257,441.735,99.690,-6.992,-0.626,41126.616,110.146,41778.486,113.048,41684.007,103.502,98.903
57.000,12992.046,9097.128,-9284.660,6357.192,-7.823,514.770,96.607,0.000,0.000,6377.456,-7.145,517.838,97.007,-1.263,-0.037,4405.529,2.041,168.411,1.499,134.551,0.314,38.147,6405.685,-5.807,541.408,99.652,-7.618,-0.626,45243.026,111.218,45994.084,114.171,45891.888,103.679,101.303
58.000,13106.177,9177.044,-9042.450,6348.636,-9.290,611.313,96.477,0.000,0.000,6364.313,-8.710,614.094,96.806,-0.669,-0.019,4235.008,1.926,169.796,1.446,133.133,0.312,37.873,6399.103,-7.357,641.031,99.590,-8.245,-0.627,49561.346,112.348,50419.975,115.334,50310.590,103.856,103.651
59.000,13217.278,9254.838,-8798.149,6338.614,-10.755,707.715,96.324,0.000,0.000,6355.067,-10.169,710.287,96.656,-1.468,-0.045,4022.776,1.807,170.126,1.380,132.773,0.313,37.521,6390.970,-8.907,740.580,99.504,-8.872,-0.627,54081.876,113.538,55056.424,116.538,54940.634,104.033,105.950
60.000,13325.325,9330.493,-8551.815,6327.127,-12.217,803.954,96.150,0.000,0.000,6341.060,-11.674,805.600,96.418,-0.880,-0.026,3783.253,1.688,169.490,1.306,133.513,0.314,37.112,6381.289,-10.456,840.031,99.394,-9.499,-0.628,58804.904,114.787,59903.659,117.782,59782.535,104.210,108.204
61.000,13430.290,9403.991,-8303.503,6314.180,-13.677,900.007,95.953,0.000,0.000,6327.455,-13.164,902.080,96.228,-0.488,-0.013,3531.505,1.574,168.079,1.228,135.301,0.315,36.666,6370.060,-12.003,939.359,99.259,-10.127,-0.628,63730.791,116.097,64961.872,119.065,64836.822,104.387,110.414
62.000,13532.152,9475.314,-8053.272,6299.775,-15.133,995.853,95.734,0.000,0.000,6311.163,-14.666,997.896,95.985,-0.417,-0.011,3278.844,1.466,166.091,1.151,138.037,0.318,36.199,6357.284,-13.549,1038.542,99.101,-10.756,-0.629,68859.911,117.467,70231.219,120.387,70104.002,104.565,112.584
63.000,13630.884,9544.448,-7801.180,6283.914,-16.586,1091.468,95.493,0.000,0.000,6293.534,-16.156,1093.149,95.710,-0.724,-0.021,3034.049,1.367,163.731,1.076,141.593,0.321,35.727,6342.963,-15.093,1137.554,98.919,-11.385,-0.629,74192.723,118.899,75711.813,121.749,75584.579,104.742,114.715
64.000,13726.466,9611.375,-7547.284,6266.603,-18.036,1186.831,95.230,0.000,0.000,6274.522,-17.636,1188.014,95.411,-0.345,-0.009,2802.687,1.277,161.170,1.006,145.839,0.324,35.262,6327.099,-16.634,1236.371,98.712,-12.014,-0.630,79729.684,120.392,81403.747,123.148,81279.156,104.920,116.809
65.000,13818.875,9676.081,-7291.643,6247.845,-19.481,1281.921,94.945,0.000,0.000,6254.089,-19.126,1283.421,95.118,-0.453,-0.012,2587.982,1.197,158.550,0.942,150.652,0.327,34.811,6309.695,-18.173,1334.970,98.482,-12.644,-0.630,85471.304,121.947,87307.035,124.587,87188.175,105.098,118.869
66.000,13908.089,9738.549,-7034.317,6227.643,-20.921,1376.714,94.638,0.000,0.000,6233.813,-20.560,1377.383,94.785,-0.346,-0.008,2391.047,1.125,155.968,0.884,155.933,0.331,34.380,6290.754,-19.708,1433.326,98.227,-13.275,-0.631,91418.122,123.565,93421.663,126.063,93312.155,105.276,120.895
67.000,13994.089,9798.766,-6775.365,6206.004,-22.357,1471.189,94.309,0.000,0.000,6212.411,-21.998,1471.860,94.461,-0.588,-0.015,2212.030,1.061,153.502,0.832,161.591,0.334,33.973,6270.279,-21.240,1531.416,97.949,-13.906,-0.631,97570.758,125.246,99747.550,127.577,99651.671,105.454,122.890
68.000,14076.853,9856.719,-6514.846,6182.932,-23.787,1565.325,93.958,0.000,0.000,6187.972,-23.458,1565.806,94.089,-0.659,-0.016,2050.114,1.004,151.197,0.785,167.567,0.338,33.590,6248.274,-22.768,1629.215,97.646,-14.538,-0.632,103929.837,126.990,106284.614,129.128,106207.227,105.633,124.854
69.000,14156.363,9912.392,-6252.821,6158.431,-25.212,1659.099,93.586,0.000,0.000,6162.527,-24.909,1659.743,93.713,-1.265,-0.035,2025.775,0.959,161.452,0.820,161.665,0.330,33.569,6224.744,-24.292,1726.701,97.320,-15.170,-0.632,110496.074,128.797,113032.761,130.717,112979.375,105.811,126.790
70.000,14232.601,9965.774,-5989.351,6132.509,-26.632,1752.490,93.192,0.000,0.000,6136.729,-26.333,1753.173,93.324,-1.496,-0.042,2010.281,0.919,173.780,0.856,156.595,0.323,33.593,6199.692,-25.811,1823.848,96.970,-15.802,-0.633,117270.212,130.668,119991.744,132.344,119968.586,105.990,128.699
71.000,14305.548,10016.853,-5724.497,6105.170,-28.045,1845.476,92.777,0.000,0.000,6109.505,-27.760,1846.694,92.929,-1.157,-0.029,2001.885,0.883,188.194,0.893,152.194,0.317,33.657,6173.124,-27.326,1920.633,96.596,-16.435,-0.633,124253.040,132.603,127161.324,134.008,127175.400,106.169,130.581
72.000,14375.189,10065.615,-5458.319,6076.422,-29.451,1938.036,92.340,0.000,0.000,6081.196,-29.165,1939.270,92.498,-1.276,-0.032,1999.295,0.850,204.732,0.931,148.345,0.313,33.752,6145.043,-28.834,2017.033,96.199,-17.069,-0.634,131445.366,134.601,134541.238,135.710,134600.355,106.348,132.438
73.000,14441.506,10112.051,-5190.879,6046.270,-30.851,2030.149,91.882,0.000,0.000,6051.542,-30.562,2031.414,92.047,-1.362,-0.034,2004.805,0.820,223.718,0.970,145.734,0.309,33.895,6115.458,-30.337,2113.023,95.778,-17.703,-0.634,138848.101,136.663,142131.156,137.449,142244.029,106.527,134.270
74.000,14504.485,10156.150,-4922.239,6014.722,-32.244,2121.793,91.402,0.000,0.000,6020.246,-31.960,2123.273,91.577,-1.357,-0.033,2020.562,0.793,245.525,1.010,145.151,0.306,34.098,6084.372,-31.834,2208.581,95.334,-18.338,-0.635,146462.145,138.789,149930.661,139.226,150106.903,106.706,136.079
75.000,14564.111,10197.900,-4652.462,5981.785,-33.629,2212.946,90.902,0.000,0.000,5987.511,-33.350,2214.594,91.084,-1.443,-0.035,2041.759,0.768,269.960,1.049,145.715,0.304,34.337,6051.792,-33.324,2303.683,94.866,-18.973,-0.635,154288.511,140.980,157939.320,141.040,158189.466,106.886,137.866
76.000,14620.370,10237.294,-4381.609,5947.467,-35.006,2303.589,90.380,0.000,0.000,6.795,7.012,5977.163,-36.482,2306.393,89.294,35.452,-1.476,1000.000,100.000,1000.000,100.000,1000.000,100.000,38.960,0.000,0.000,1.000,1.000,5949.960,-34.782,2304.707,90.512,-1.946,-0.047,1473.033,0.637,264.245,0.902,136.150,0.298,32.571,-0.019,-0.029,0.051,0.051,5934.599,-34.459,2286.380,89.060,20.694,1.663,58722.273,112.953,58678.839,112.881,58541.555,99.811,107.816
77.000,14673.250,10274.320,-4109.743,5911.775,-36.376,2393.700,89.838,0.000,0.000,6.428,6.642,5932.859,-38.464,2395.703,88.726,19.482,-2.791,891.394,98.237,856.432,97.957,737.761,96.904,37.155,-0.194,-0.056,0.064,0.064,5915.223,-36.142,2394.967,89.985,-2.031,-0.049,1197.575,0.572,270.590,0.842,132.576,0.297,31.640,-0.004,0.017,0.048,0.048,5899.504,-35.791,2375.179,88.530,22.357,1.663,35347.073,27.393,30390.414,92.119,63381.893,99.744,99.124
78.000,14722.738,10308.972,-3836.927,5874.718,-37.737,2483.258,89.275,0.000,0.000,6.037,6.252,5891.426,-40.194,2483.123,87.912,9.066,-4.114,1004.554,93.436,928.613,92.684,693.320,88.464,37.630,-0.113,-0.008,0.060,0.060,5879.737,-37.480,2484.611,89.440,-2.235,-0.055,1040.595,0.533,282.891,0.817,131.396,0.298,31.123,-0.012,0.039,0.046,0.046,5863.111,-37.116,2463.457,87.981,24.020,1.663,37153.971,24.463,32223.082,93.461,68464.030,99.739,100.711
79.000,14768.822,10341.240,-3563.224,5836.305,-39.089,2572.242,88.691,0.000,0.000,5.675,5.768,5847.200,-42.261,2574.174,87.951,3.601,-4.394,1264.461,86.263,1127.500,85.161,729.875,75.726,39.223,-0.021,-0.067,0.060,0.060,5841.018,-38.852,2573.997,88.867,-2.019,-0.046,943.825,0.507,299.199,0.811,131.394,0.299,30.850,0.019,-0.030,0.045,0.045,5825.370,-38.432,2551.135,87.411,25.681,1.663,38738.120,22.303,34025.155,93.669,73722.725,99.708,102.200
80.000,14811.492,10371.118,-3288.697,5796.543,-40.432,2660.633,88.087,0.000,0.000,5.239,5.334,5801.922,-44.133,2664.244,87.739,-2.351,-4.719,1643.674,78.400,1414.036,77.334,784.578,61.590,41.213,-0.022,-0.046,0.061,0.061,5799.940,-40.225,2662.375,88.249,-2.243,-0.050,882.266,0.489,318.726,0.816,132.030,0.301,30.737,-0.014,-0.035,0.044,0.045,5786.335,-39.741,2638.255,86.824,27.341,1.663,39499.116,20.124,35090.737,91.687,79146.233,99.644,103.336
81.000,14850.738,10398.599,-3013.410,5755.444,-41.766,2748.409,87.462,0.000,0.000,4.818,4.944,5758.020,-45.252,2750.405,86.773,-6.914,-4.685,2133.913,71.239,1771.647,70.672,829.208,48.575,43.282,0.002,0.020,0.061,0.061,5758.892,-41.560,2750.059,87.622,-2.583,-0.059,843.323,0.475,341.090,0.828,133.011,0.303,30.735,-0.021,0.010,0.044,0.044,5741.179,-41.190,2723.762,86.123,1.572,0.727,8380.493,5.881,5912.610,16.309,1105.849,2.482,56.807
82.000,14886.551,10423.675,-2737.426,5713.015,-43.090,2835.551,86.817,0.000,0.000,4.438,4.485,5712.307,-46.475,2836.998,86.103,-6.632,-3.777,2734.183,65.334,2195.087,65.661,855.639,37.816,45.324,0.068,-0.001,0.061,0.060,5716.759,-42.893,2837.630,86.993,-2.322,-0.049,819.865,0.465,366.043,0.846,134.148,0.304,30.815,0.023,-0.013,0.044,0.044,5698.976,-42.537,2811.901,85.575,4.482,0.803,5879.332,4.406,3772.967,10.548,606.970,1.836,51.028
83.000,14918.923,10446.342,-2460.810,5669.266,-44.405,2922.037,86.153,0.000,0.000,4.003,4.046,5665.318,-47.681,2921.978,85.262,-6.215,-3.085,3443.406,60.645,2680.137,62.128,864.073,29.386,47.303,0.058,0.009,0.060,0.060,5673.202,-44.215,2924.452,86.339,-2.177,-0.042,807.522,0.457,393.355,0.867,135.304,0.305,30.953,0.014,-0.009,0.043,0.043,5654.081,-43.896,2897.815,84.932,5.730,0.818,4904.190,3.699,3012.379,8.361,429.060,1.584,48.271
84.000,14947.846,10466.594,-2183.625,5624.209,-45.709,3007.849,85.468,0.000,0.000,3.539,3.610,5617.241,-48.853,3005.214,84.270,-7.300,-2.790,4254.526,56.876,3219.417,59.660,855.907,22.912,49.189,0.027,0.021,0.059,0.058,5628.096,-45.522,3010.091,85.647,-1.952,-0.034,813.234,0.453,415.045,0.882,134.657,0.304,31.111,-0.015,0.001,0.043,0.043,5606.949,-45.253,2981.854,84.216,5.814,0.789,4404.944,3.258,2652.561,7.219,336.769,1.437,46.686
85.000,14973.313,10484.427,-1905.935,5577.853,-47.002,3092.966,84.763,0.000,0.000,3.094,3.149,5567.303,-50.121,3088.150,83.370,-8.043,-2.513,5151.449,53.690,3799.581,57.830,832.149,17.956,50.953,0.029,0.006,0.057,0.057,5581.734,-46.820,3095.181,84.941,-1.599,-0.021,825.518,0.450,433.280,0.893,133.071,0.302,31.262,-0.020,-0.011,0.043,0.043,5558.639,-46.601,3065.511,83.495,5.845,0.757,4126.255,2.948,2467.793,6.531,279.963,1.332,45.720
86.000,14995.319,10499.836,-1627.804,5530.209,-48.285,3177.369,84.039,0.000,0.000,2.691,2.701,5514.388,-51.484,3168.306,82.272,-5.361,-1.878,6107.595,50.796,4399.937,56.272,793.917,14.145,52.560,0.076,0.012,0.056,0.056,5534.345,-48.092,3179.146,84.205,-1.741,-0.025,837.944,0.448,453.008,0.906,131.617,0.300,31.421,0.022,-0.007,0.043,0.043,5510.612,-47.900,3149.423,82.805,6.781,0.764,3971.520,2.716,2377.233,6.083,241.296,1.249,45.133
87.000,15013.859,10512.817,-1349.298,5481.287,-49.556,3261.039,83.296,0.000,0.000,2.231,2.220,5460.216,-52.880,3249.513,81.384,-3.826,-1.488,7086.176,47.977,4994.601,54.703,743.195,11.198,53.980,0.055,-0.015,0.055,0.055,5485.422,-49.367,3262.732,83.459,-1.342,-0.011,850.456,0.445,474.293,0.920,130.284,0.299,31.586,0.015,-0.034,0.043,0.043,5461.178,-49.205,3233.058,82.113,7.335,0.755,3893.722,2.532,2343.802,5.777,213.105,1.177,44.795
88.000,15028.928,10523.369,-1070.479,5431.100,-50.816,3343.955,82.533,0.000,0.000,1.808,1.810,5401.927,-54.329,3323.965,79.917,-0.116,-0.968,8039.756,45.070,5550.908,52.905,682.227,8.914,55.178,0.078,0.037,0.055,0.055,5435.377,-50.621,3345.340,82.688,-1.192,-0.005,863.003,0.442,497.198,0.935,129.063,0.297,31.758,0.045,0.014,0.043,0.043,5411.286,-50.456,3315.499,81.385,8.378,0.770,3866.035,2.380,2347.497,5.558,191.466,1.113,44.626
89.000,15040.523,10531.488,-791.413,5379.659,-52.064,3426.099,81.752,0.000,0.000,1.284,1.365,5346.169,-55.488,3400.256,78.737,-1.144,-0.990,8918.247,42.000,6039.256,50.754,615.001,7.147,56.135,-0.007,0.039,0.054,0.054,5384.129,-51.880,3427.957,81.922,-1.262,-0.008,875.527,0.439,521.793,0.951,127.945,0.296,31.936,-0.020,0.027,0.043,0.043,5360.695,-51.681,3397.384,80.645,8.019,0.717,3869.374,2.250,2374.938,5.394,174.161,1.054,44.566
90.000,15048.641,10537.172,-512.163,5326.975,-53.301,3507.452,80.951,0.000,0.000,0.799,0.869,5292.825,-56.496,3481.333,78.059,-3.927,-1.141,9667.845,38.731,6427.203,48.169,545.469,5.793,56.830,-0.030,-0.010,0.054,0.053,5331.698,-53.116,3509.334,81.123,-1.374,-0.011,887.967,0.436,548.139,0.968,126.921,0.295,32.119,-0.044,-0.006,0.043,0.043,5310.390,-52.892,3480.448,79.969,7.055,0.640,3888.137,2.133,2415.493,5.260,159.871,1.000,44.568
91.000,15053.280,10540.420,-232.796,5273.062,-54.525,3587.995,80.132,0.000,0.000,0.418,0.357,5233.918,-57.829,3560.930,77.301,-2.290,-0.887,10242.814,35.286,6688.288,45.147,478.536,4.769,57.252,0.061,-0.060,0.053,0.053,5277.940,-54.342,3589.951,80.307,-1.310,-0.009,900.266,0.432,576.315,0.985,125.985,0.295,32.307,0.039,-0.056,0.043,0.043,5259.036,-54.117,3563.866,79.321,7.422,0.636,3908.183,2.025,2459.623,5.136,147.832,0.949,44.590
92.000,15054.440,10541.232,46.626,5217.930,-55.736,3667.709,79.294,0.000,0.000,-0.063,-0.057,5173.002,-59.096,3635.933,76.218,-1.785,-0.780,10620.381,31.759,6813.614,41.785,419.423,4.008,57.422,0.028,-0.003,0.053,0.053,5222.842,-55.562,3669.860,79.475,-1.019,0.001,912.191,0.429,605.698,1.003,125.091,0.294,32.496,0.020,-0.007,0.043,0.043,5206.888,-55.303,3646.100,78.631,7.456,0.614,3915.733,1.919,2497.983,5.006,137.628,0.902,44.594
93.000,15052.119,10539.607,326.036,5161.594,-56.935,3746.576,78.438,0.000,0.000,-0.514,-0.530,5111.648,-60.317,3711.330,75.227,-1.259,-0.678,10795.281,28.255,6808.143,38.215,371.738,3.451,57.368,0.030,-0.019,0.053,0.052,5166.395,-56.773,3748.990,78.625,-0.556,0.017,922.178,0.425,632.261,1.017,124.075,0.293,32.656,0.031,-0.017,0.043,0.043,5153.917,-56.476,3727.927,77.933,7.649,0.602,3897.527,1.814,2521.344,4.857,129.063,0.859,44.543
94.000,15046.319,10535.546,605.371,5104.065,-58.120,3824.579,77.564,0.000,0.000,-1.011,-1.016,5056.487,-61.209,3792.819,74.713,-2.732,-0.709,10778.530,24.875,6684.455,34.568,337.585,3.050,57.125,-0.016,-0.046,0.052,0.052,5109.208,-57.979,3828.058,77.781,-0.646,0.014,929.330,0.423,655.132,1.025,123.010,0.292,32.783,-0.005,-0.039,0.043,0.043,5102.920,-57.604,3811.947,77.334,7.200,0.566,3841.965,1.706,2521.111,4.677,122.084,0.821,44.406
95.000,15037.040,10529.049,884.567,5045.358,-59.292,3901.698,76.671,0.000,0.000,-1.437,-1.414,4990.444,-62.465,3862.675,73.427,-2.689,-0.671,10589.317,21.693,6458.489,30.954,317.488,2.764,56.722,0.020,0.022,0.052,0.052,5050.081,-59.147,3904.432,76.864,-0.165,0.029,932.966,0.420,673.576,1.029,121.988,0.292,32.874,0.030,0.027,0.043,0.043,5046.539,-58.754,3890.706,76.529,7.501,0.557,3740.853,1.596,2490.729,4.460,116.711,0.786,44.158
96.000,15024.286,10520.118,1163.558,4985.486,-60.450,3977.915,75.762,0.000,0.000,-1.903,-1.917,4930.650,-63.440,3939.605,72.669,-3.282,-0.652,10273.057,18.792,6164.711,27.523,310.986,2.560,56.215,-0.000,-0.034,0.052,0.052,4990.151,-60.319,3981.000,75.962,0.151,0.039,932.700,0.418,687.127,1.026,121.118,0.292,32.926,0.020,-0.017,0.043,0.043,4991.759,-59.875,3971.618,75.823,7.658,0.549,3591.931,1.483,2427.303,4.207,112.957,0.754,43.786
97.000,15008.058,10508.755,1442.279,4924.463,-61.594,4053.215,74.834,0.000,0.000,-2.357,-2.376,4870.679,-64.382,4016.367,71.929,-3.893,-0.635,9857.887,16.192,5820.944,24.323,316.394,2.411,55.623,-0.005,-0.036,0.052,0.051,4929.069,-61.476,4056.665,75.042,0.459,0.048,928.404,0.416,695.524,1.019,120.508,0.292,32.941,0.019,-0.017,0.044,0.044,4935.744,-60.988,4051.654,75.093,7.923,0.547,3397.860,1.369,2331.063,3.921,110.754,0.725,43.284
98.000,14988.361,10494.963,1720.668,4862.302,-62.724,4127.578,73.890,0.000,0.000,-2.871,-2.821,4816.811,-65.051,4097.209,71.472,-6.139,-0.710,9378.126,13.902,5449.464,21.401,331.698,2.300,54.973,-0.073,-0.026,0.051,0.051,4867.977,-62.610,4132.165,74.133,-0.144,0.026,920.220,0.414,698.798,1.006,120.263,0.292,32.921,-0.046,-0.006,0.044,0.044,4881.670,-62.042,4133.209,74.428,7.482,0.512,3166.984,1.257,2206.245,3.614,109.939,0.699,42.658
99.000,14965.199,10478.745,1998.658,4799.019,-63.840,4200.988,72.928,0.000,0.000,-3.253,-3.257,4751.577,-66.095,4168.658,70.461,-6.748,-0.703,8858.653,11.910,5065.396,18.768,354.778,2.213,54.277,0.002,-0.006,0.051,0.051,4804.218,-63.729,4205.093,73.153,0.176,0.036,908.486,0.412,697.198,0.990,120.474,0.293,32.869,0.022,0.012,0.044,0.044,4820.433,-63.160,4208.602,73.542,7.951,0.513,2911.503,1.150,2060.311,3.298,110.274,0.674,41.924
100.000,14938.577,10460.104,2276.187,4734.627,-64.941,4273.428,71.949,0.000,0.000,-3.688,-3.669,4682.712,-67.186,4235.986,69.260,-7.756,-0.724,8332.244,10.205,4689.052,16.447,383.625,2.140,53.568,0.000,0.024,0.051,0.051,4738.823,-64.820,4275.927,72.124,0.510,0.045,893.766,0.410,691.247,0.970,121.219,0.294,32.790,0.024,0.048,0.044,0.044,4755.497,-64.280,4280.278,72.534,8.405,0.507,2645.561,1.049,1902.424,2.986,111.464,0.651,41.107
