Time,x_sat,y_sat,z_sat,True_x,True_vx,True_y,True_vy,True_z,True_vz,InTrackAngle,CrossTrackAngle,Est_x,Est_vx,Est_y,Est_vy,Est_z,Est_vz,Cov_xx,Cov_vxvx,Cov_yy,Cov_vyvy,Cov_zz,Cov_vzvz,Track Error,Innovation_ITA,Innovation_CTA,InnovationCov_ITA,InnovationCov_CTA,DDF_Est_x,DDF_Est_vx,DDF_Est_y,DDF_Est_vy,DDF_Est_z,DDF_Est_vz,DDF_Cov_xx,DDF_Cov_vxvx,DDF_Cov_yy,DDF_Cov_vyvy,DDF_Cov_zz,DDF_Cov_vzvz,DDF Track Error,DDF_Innovation_ITA,DDF_Innovation_CTA,DDF_InnovationCov_ITA,DDF_InnovationCov_CTA,ET_Est_x,ET_Est_vx,ET_Est_y,ET_Est_vy,ET_Est_z,ET_Est_vz,ET_Cov_xx,ET_Cov_vxvx,ET_Cov_yy,ET_Cov_vyvy,ET_Cov_zz,ET_Cov_vzvz,ET_Meas_alpha,ET_Meas_beta,ET_Track Error
0.000,12995.305,-12995.305,0.000,4509.927,68.535,-4509.927,68.535,0.000,0.000,0.000,-0.001,4536.150,69.610,-4502.969,69.313,14.562,-8.253,1000.000,100.000,1000.000,100.000,1000.000,100.000,38.960,0.000,0.000,1.000,1.000,4526.836,74.562,-4513.607,68.654,-2.568,9.857,1000.000,100.000,1000.000,100.000,1000.000,100.000,38.960,0.000,0.000,1.000,1.000,4496.038,76.503,-4515.187,65.148,12.649,-0.365,1000.000,100.000,1000.000,100.000,1000.000,100.000,38.960
0.500,13093.721,-12896.138,0.000,4544.064,68.012,-4475.530,69.054,0.000,0.000,0.001,0.000,4554.431,68.279,-4484.740,69.037,0.176,-8.754,526.831,98.852,515.540,98.788,17.213,97.629,28.230,-0.113,-0.050,0.024,0.024,4556.317,73.662,-4486.895,68.888,0.041,9.751,527.888,98.910,514.479,98.844,17.204,97.743,28.229,-0.053,-0.011,0.024,0.024,4542.563,76.440,-4473.897,66.213,0.211,-0.964,529.870,98.967,512.548,98.893,17.258,97.849
1.000,13191.381,-12796.225,0.000,4577.938,67.485,-4440.874,69.568,0.000,0.000,0.001,0.000,4588.210,67.508,-4450.286,69.307,-1.165,-5.213,569.210,79.742,541.951,76.954,12.404,56.595,28.470,-0.002,0.020,0.001,0.001,4592.204,71.988,-4453.512,68.274,1.490,5.753,569.660,79.735,541.942,77.028,12.400,56.673,28.473,-0.010,-0.023,0.001,0.001,4579.907,74.936,-4441.674,65.778,-0.020,-0.672,570.544,79.728,541.595,77.175,12.433,56.832
1.500,13288.278,-12695.573,0.000,4611.549,66.955,-4405.962,70.079,0.000,0.000,-0.005,0.003,4621.405,66.453,-4416.141,69.239,-0.663,-1.979,643.246,66.287,592.153,59.359,12.279,25.407,29.176,-0.005,0.021,0.001,0.001,4626.994,70.153,-4420.814,67.404,1.765,3.048,643.304,66.274,592.564,59.387,12.272,25.438,29.178,-0.013,-0.018,0.001,0.001,4616.110,73.043,-4410.337,64.847,0.358,0.071,643.515,66.240,592.896,59.489,12.304,25.536
2.000,13384.407,-12594.188,0.000,4644.893,66.420,-4370.796,70.586,0.000,0.000,0.000,0.001,4655.010,66.374,-4380.746,70.234,-0.418,-0.981,745.537,61.630,663.676,50.882,11.252,12.176,30.046,0.006,0.009,0.001,0.001,4662.039,69.741,-4386.849,68.053,1.346,1.476,745.474,61.633,664.181,50.884,11.243,12.192,30.047,0.001,-0.014,0.001,0.001,4652.515,72.586,-4377.767,65.443,0.313,0.006,745.380,61.602,664.697,50.943,11.272,12.247
2.500,13479.762,-12492.074,0.000,4677.969,65.882,-4335.377,71.088,0.000,0.000,0.000,0.002,4688.348,66.028,-4345.165,70.951,-0.187,-0.515,877.024,60.593,756.010,46.382,10.031,6.560,31.055,0.004,0.006,0.001,0.001,4696.824,69.268,-4352.635,68.636,1.090,0.833,876.962,60.607,756.512,46.373,10.021,6.571,31.057,0.001,-0.008,0.001,0.001,4688.659,72.101,-4344.945,66.011,0.336,0.019,876.745,60.584,757.057,46.408,10.046,6.604
3.000,13574.339,-12389.239,0.000,4710.774,65.340,-4299.708,71.587,0.000,0.000,-0.002,-0.001,4721.220,65.484,-4309.577,71.445,-0.347,-0.463,1039.087,60.940,867.969,43.459,8.936,3.904,32.171,-0.000,0.001,0.001,0.001,4731.181,68.680,-4318.372,69.086,0.607,0.352,1039.069,60.959,868.447,43.445,8.925,3.912,32.172,-0.002,-0.008,0.001,0.001,4724.396,71.523,-4312.062,66.466,0.039,-0.146,1038.806,60.944,868.976,43.466,8.947,3.933
3.500,13668.131,-12285.687,0.000,4743.308,64.794,-4263.791,72.081,0.000,0.000,-0.004,-0.001,4753.718,64.891,-4273.867,71.879,-0.378,-0.372,1232.983,61.869,998.315,41.224,8.017,2.511,33.357,-0.002,0.002,0.001,0.001,4765.195,68.080,-4283.947,69.516,0.359,0.159,1233.021,61.890,998.764,41.209,8.006,2.517,33.358,-0.003,-0.004,0.001,0.001,4759.814,70.944,-4279.004,66.915,-0.083,-0.168,1232.747,61.880,999.263,41.222,8.025,2.532
4.000,13761.133,-12181.426,0.000,4775.568,64.245,-4227.627,72.572,0.000,0.000,-0.001,-0.002,4786.195,64.411,-4237.593,72.454,-0.461,-0.331,1459.876,63.068,1145.858,39.329,7.256,1.717,34.584,0.003,0.001,0.001,0.001,4799.206,67.612,-4248.917,70.107,0.125,0.035,1459.973,63.089,1146.281,39.313,7.245,1.722,34.585,0.002,-0.004,0.001,0.001,4795.235,70.503,-4245.303,67.534,-0.229,-0.193,1459.703,63.083,1146.747,39.322,7.261,1.732
4.500,13853.340,-12076.460,0.000,4807.552,63.692,-4191.220,73.058,0.000,0.000,-0.002,-0.000,4818.359,63.893,-4201.120,72.986,-0.417,-0.258,1720.840,64.402,1309.500,37.618,6.624,1.233,35.832,0.002,0.003,0.001,0.001,4832.933,67.116,-4213.662,70.665,0.061,0.006,1720.998,64.423,1309.900,37.603,6.613,1.237,35.833,0.001,-0.001,0.001,0.001,4830.392,70.036,-4211.358,68.125,-0.229,-0.159,1720.743,64.420,1310.337,37.609,6.627,1.245
5.000,13944.746,-11970.796,0.000,4839.259,63.135,-4154.571,73.539,0.000,0.000,-0.002,-0.001,4850.217,63.353,-4164.438,73.492,-0.393,-0.210,2016.996,65.810,1488.095,36.019,6.095,0.922,37.085,0.001,0.002,0.001,0.001,4866.377,66.603,-4178.172,71.204,0.005,-0.013,2017.214,65.831,1488.476,36.005,6.084,0.926,37.086,0.000,-0.001,0.001,0.001,4865.289,69.556,-4177.156,68.700,-0.238,-0.137,2016.981,65.830,1488.887,36.008,6.096,0.932
5.500,14035.346,-11864.441,0.000,4870.686,62.574,-4117.681,74.017,0.000,0.000,0.000,0.001,4881.896,62.833,-4127.376,74.029,-0.256,-0.141,2349.450,67.259,1680.519,34.493,5.648,0.714,38.334,0.004,0.004,0.001,0.001,4899.671,66.114,-4142.283,71.777,0.080,0.011,2349.728,67.279,1680.883,34.480,5.655,0.718,38.335,0.003,0.001,0.001,0.001,4900.044,69.099,-4142.522,69.313,-0.127,-0.086,2349.522,67.279,1681.273,34.481,5.648,0.722
6.000,14125.135,-11757.400,0.000,4901.832,62.010,-4080.554,74.490,0.000,0.000,-0.003,-0.001,4913.132,62.260,-4090.293,74.491,-0.271,-0.126,2719.274,68.731,1885.691,33.019,5.267,0.570,39.571,-0.001,0.001,0.001,0.001,4932.533,65.572,-4106.338,72.281,0.017,-0.007,2719.608,68.749,1886.040,33.008,5.268,0.573,39.572,-0.002,-0.001,0.001,0.001,4934.402,68.591,-4107.825,69.857,-0.161,-0.084,2719.434,68.751,1886.414,33.008,5.266,0.577
6.500,14214.108,-11649.680,0.000,4932.696,61.442,-4043.192,74.959,0.000,0.000,-0.001,0.002,4944.169,61.705,-4052.848,74.983,-0.133,-0.078,3127.585,70.214,2102.483,31.587,4.940,0.467,40.792,0.002,0.003,0.001,0.001,4965.231,65.051,-4070.018,72.814,0.117,0.018,3127.975,70.232,2102.821,31.576,4.938,0.470,40.794,0.001,0.002,0.001,0.001,4968.603,68.103,-4072.717,70.433,-0.038,-0.044,3127.836,70.235,2103.180,31.576,4.939,0.473
7.000,14302.259,-11541.286,0.000,4963.274,60.871,-4005.596,75.424,0.000,0.000,-0.002,0.001,4974.890,61.136,-4015.215,75.456,-0.043,-0.049,3575.432,71.703,2329.843,30.189,4.658,0.392,41.995,0.000,0.002,0.001,0.001,4997.628,64.516,-4033.482,73.331,0.175,0.029,3575.876,71.720,2330.169,30.179,4.653,0.394,41.996,0.000,0.001,0.001,0.001,5002.525,67.603,-4037.373,70.993,0.039,-0.021,3575.777,71.723,2330.518,30.178,4.656,0.397
7.500,14389.584,-11432.225,0.000,4993.566,60.296,-3967.768,75.884,0.000,0.000,-0.002,0.001,5005.349,60.569,-3977.316,75.931,0.002,-0.034,4063.886,73.192,2566.697,28.821,4.413,0.336,43.176,0.001,0.001,0.001,0.001,5029.778,63.982,-3996.651,73.852,0.194,0.030,4064.382,73.208,2567.012,28.812,4.407,0.338,43.177,0.001,0.000,0.001,0.001,5036.218,67.103,-4001.711,71.558,0.075,-0.012,4064.325,73.212,2567.354,28.811,4.410,0.341
8.000,14476.077,-11322.504,0.000,5023.569,59.718,-3929.712,76.340,0.000,0.000,-0.002,-0.001,5035.497,59.993,-3939.229,76.392,-0.065,-0.044,4593.989,74.678,2812.004,27.482,4.200,0.294,44.336,0.000,-0.001,0.001,0.001,5061.620,63.437,-3959.594,74.361,0.105,0.009,4594.536,74.693,2812.309,27.473,4.192,0.296,44.337,-0.000,-0.002,0.001,0.001,5069.631,66.592,-3965.808,72.110,-0.002,-0.026,4594.526,74.698,2812.647,27.472,4.195,0.298
8.500,14561.734,-11212.128,0.000,5053.283,59.136,-3891.429,76.792,0.000,0.000,-0.001,-0.000,5065.388,59.418,-3900.854,76.859,-0.072,-0.041,5166.783,76.159,3064.714,26.169,4.013,0.262,45.474,0.002,0.000,0.001,0.001,5093.233,62.895,-3922.234,74.876,0.079,0.003,5167.385,76.173,3065.015,26.161,4.005,0.263,45.475,0.001,-0.001,0.001,0.001,5102.825,66.085,-3929.572,72.671,-0.016,-0.026,5167.423,76.179,3065.349,26.160,4.008,0.265
9.000,14646.549,-11101.104,0.000,5082.704,58.551,-3852.921,77.239,0.000,0.000,-0.006,-0.002,5094.862,58.819,-3862.470,77.280,-0.170,-0.055,5783.279,77.632,3323.819,24.882,3.849,0.237,46.590,-0.004,-0.002,0.001,0.001,5124.426,62.325,-3884.823,75.347,-0.034,-0.017,5783.939,77.646,3324.118,24.875,3.840,0.238,46.590,-0.004,-0.003,0.001,0.001,5135.632,65.549,-3893.272,73.188,-0.120,-0.043,5784.029,77.652,3324.451,24.874,3.843,0.240
9.500,14730.517,-10989.439,0.000,5111.833,57.962,-3814.191,77.682,0.000,0.000,-0.003,0.002,5124.135,58.233,-3823.665,77.734,-0.066,-0.033,6444.525,79.097,3588.262,23.622,3.705,0.217,47.683,0.001,0.003,0.001,0.001,5155.478,61.773,-3846.998,75.849,0.056,-0.000,6445.253,79.110,3588.564,23.615,3.696,0.219,47.684,0.001,0.002,0.001,0.001,5168.289,65.030,-3856.514,73.737,-0.022,-0.022,6445.395,79.116,3588.894,23.614,3.698,0.220
10.000,14813.634,-10877.138,0.000,5140.666,57.370,-3775.240,78.120,0.000,0.000,-0.002,-0.000,5153.142,57.648,-3784.611,78.188,-0.066,-0.030,7151.483,80.551,3857.101,22.387,3.578,0.202,48.755,0.002,0.000,0.001,0.001,5186.261,61.220,-3808.884,76.353,0.044,-0.002,7152.277,80.564,3857.404,22.381,3.569,0.203,48.755,0.002,-0.000,0.001,0.001,5200.705,64.509,-3819.450,74.289,-0.026,-0.021,7152.474,80.570,3857.734,22.380,3.571,0.205
10.500,14895.896,-10764.209,0.000,5169.202,56.775,-3736.072,78.553,0.000,0.000,-0.002,-0.001,5181.839,57.056,-3745.372,78.631,-0.104,-0.034,7905.124,81.993,4129.364,21.179,3.467,0.190,49.805,0.001,-0.001,0.000,0.000,5216.742,60.658,-3770.552,76.847,-0.005,-0.010,7905.985,82.006,4129.672,21.174,3.457,0.191,49.806,0.001,-0.001,0.000,0.000,5232.839,63.980,-3782.147,74.830,-0.069,-0.026,7906.242,82.012,4130.004,21.173,3.459,0.192
11.000,14977.296,-10650.658,0.000,5197.440,56.176,-3696.687,78.983,0.000,0.000,-0.006,0.002,5210.161,56.450,-3706.020,79.051,-0.002,-0.015,8706.410,83.423,4404.084,19.998,3.369,0.180,50.834,-0.002,0.003,0.000,0.000,5246.892,60.085,-3732.101,77.317,0.088,0.005,8707.349,83.435,4404.402,19.994,3.359,0.181,50.835,-0.002,0.002,0.000,0.000,5264.644,63.437,-3744.691,75.349,0.030,-0.008,8707.666,83.442,4404.737,19.992,3.360,0.183
11.500,15057.830,-10536.491,0.000,5225.378,55.575,-3657.090,79.407,0.000,0.000,-0.003,0.003,5238.233,55.849,-3666.352,79.483,0.114,0.004,9556.319,84.838,4680.292,18.845,3.283,0.172,51.843,0.001,0.003,0.000,0.000,5276.815,59.516,-3693.314,77.799,0.195,0.021,9557.329,84.851,4680.618,18.840,3.273,0.174,51.844,0.001,0.003,0.000,0.000,5296.234,62.899,-3706.870,75.881,0.143,0.010,9557.715,84.858,4680.957,18.839,3.273,0.175
12.000,15137.495,-10421.716,0.000,5253.014,54.970,-3617.281,79.827,0.000,0.000,-0.004,0.002,5266.008,55.245,-3626.487,79.908,0.169,0.012,10455.751,86.239,4957.094,17.719,3.207,0.166,52.832,0.000,0.001,0.000,0.000,5306.441,58.943,-3654.291,78.276,0.242,0.027,10456.827,86.251,4957.424,17.715,3.197,0.167,52.833,0.000,0.001,0.000,0.000,5327.551,62.355,-3668.794,76.407,0.195,0.017,10457.290,86.258,4957.771,17.714,3.197,0.169
12.500,15216.284,-10306.338,0.000,5280.347,54.362,-3577.264,80.242,0.000,0.000,-0.004,-0.002,5293.494,54.639,-3586.420,80.329,0.060,-0.005,11405.616,87.625,5233.586,16.622,3.141,0.161,53.802,0.000,-0.003,0.000,0.000,5335.749,58.363,-3615.009,78.750,0.126,0.008,11406.754,87.636,5233.918,16.619,3.131,0.163,53.802,0.000,-0.003,0.000,0.000,5358.590,61.807,-3630.452,76.930,0.082,-0.001,11407.302,87.643,5234.275,16.618,3.131,0.164
13.000,15294.194,-10190.364,0.000,5307.376,53.750,-3537.040,80.653,0.000,0.000,-0.003,-0.001,5320.684,54.030,-3546.118,80.748,-0.007,-0.014,12406.790,88.993,5508.879,15.554,3.084,0.158,54.752,0.001,-0.002,0.000,0.000,5364.788,57.781,-3575.476,79.222,0.053,-0.003,12408.014,89.004,5509.226,15.551,3.073,0.159,54.753,0.001,-0.002,0.000,0.000,5389.370,61.257,-3591.827,77.453,0.013,-0.011,12408.633,89.011,5509.585,15.550,3.072,0.160
13.500,15371.221,-10073.802,0.000,5334.097,53.136,-3496.611,81.059,0.000,0.000,-0.006,0.001,5347.511,53.412,-3505.710,81.147,0.034,-0.008,13460.135,90.344,5782.122,14.517,3.034,0.155,55.685,-0.002,0.001,0.000,0.000,5393.505,57.191,-3535.827,79.675,0.088,0.002,13461.460,90.355,5782.488,14.514,3.023,0.156,55.686,-0.002,0.001,0.000,0.000,5419.824,60.695,-3553.051,77.956,0.052,-0.005,13462.148,90.362,5782.852,14.513,3.022,0.157
14.000,15447.359,-9956.657,0.000,5360.511,52.519,-3455.981,81.461,0.000,0.000,-0.001,0.001,5374.100,52.800,-3464.891,81.571,0.045,-0.005,14566.523,91.676,6052.439,13.510,2.991,0.152,56.599,0.004,0.000,0.000,0.000,5422.000,56.608,-3495.740,80.152,0.093,0.002,14567.949,91.687,6052.823,13.508,2.980,0.153,56.600,0.004,0.000,0.000,0.000,5450.076,60.141,-3513.813,78.484,0.061,-0.003,14568.713,91.694,6053.192,13.507,2.978,0.154
14.500,15522.604,-9838.937,0.000,5386.615,51.898,-3415.151,81.857,0.000,0.000,-0.004,-0.002,5400.353,52.180,-3424.022,81.969,-0.027,-0.015,15726.738,92.989,6319.087,12.535,2.954,0.150,57.497,-0.000,-0.002,0.000,0.000,5450.140,56.013,-3455.555,80.605,0.017,-0.009,15728.260,92.999,6319.486,12.533,2.942,0.151,57.498,-0.000,-0.002,0.000,0.000,5480.002,59.575,-3474.462,78.988,-0.013,-0.013,15729.107,93.007,6319.864,12.532,2.940,0.152
15.000,15596.952,-9720.648,0.000,5412.409,51.275,-3374.125,82.249,0.000,0.000,-0.006,0.000,5426.273,51.555,-3382.979,82.359,-0.027,-0.014,16941.595,94.281,6581.212,11.592,2.922,0.149,58.377,-0.001,0.000,0.000,0.000,5477.981,55.413,-3415.184,81.049,0.012,-0.009,16943.233,94.292,6581.634,11.590,2.910,0.150,58.378,-0.001,-0.000,0.000,0.000,5509.629,59.002,-3434.889,79.483,-0.014,-0.013,16944.162,94.299,6582.018,11.589,2.907,0.151
15.500,15670.398,-9601.798,0.000,5437.889,50.648,-3332.903,82.636,0.000,0.000,-0.008,-0.001,5451.871,50.924,-3341.826,82.733,-0.059,-0.018,18211.877,95.553,6838.035,10.681,2.894,0.148,59.241,-0.003,-0.001,0.000,0.000,5505.498,54.807,-3374.665,81.478,-0.024,-0.013,18213.648,95.563,6838.484,10.680,2.883,0.149,59.242,-0.003,-0.001,0.000,0.000,5538.952,58.423,-3395.144,79.965,-0.048,-0.017,18214.660,95.571,6838.872,10.680,2.879,0.150
16.000,15742.939,-9482.392,0.000,5463.056,50.019,-3291.489,83.019,0.000,0.000,-0.005,-0.003,5477.193,50.296,-3300.362,83.120,-0.145,-0.028,19538.341,96.803,7088.775,9.805,2.871,0.147,60.089,0.000,-0.002,0.000,0.000,5532.747,54.202,-3333.804,81.921,-0.114,-0.025,19540.262,96.813,7089.253,9.804,2.859,0.148,60.090,0.000,-0.002,0.000,0.000,5568.027,57.846,-3355.036,80.459,-0.136,-0.028,19541.357,96.821,7089.646,9.803,2.855,0.149
16.500,15814.571,-9362.439,0.000,5487.908,49.387,-3249.885,83.397,0.000,0.000,-0.003,0.001,5502.184,49.666,-3258.594,83.514,-0.114,-0.022,20921.694,98.030,7332.759,8.963,2.852,0.146,60.921,0.003,0.001,0.000,0.000,5559.714,53.598,-3292.635,82.370,-0.087,-0.019,20923.778,98.040,7333.276,8.962,2.839,0.147,60.922,0.003,0.001,0.000,0.000,5596.817,57.267,-3314.583,80.961,-0.106,-0.022,20924.949,98.048,7333.667,8.961,2.834,0.148
17.000,15885.288,-9241.944,0.000,5512.443,48.752,-3208.093,83.769,0.000,0.000,-0.003,0.001,5526.861,49.033,-3216.656,83.901,-0.080,-0.016,22362.642,99.234,7569.344,8.156,2.835,0.146,61.738,0.002,0.001,0.000,0.000,5586.379,52.989,-3251.266,82.812,-0.055,-0.014,22364.891,99.244,7569.890,8.155,2.822,0.146,61.739,0.002,0.001,0.000,0.000,5625.317,56.684,-3273.904,81.457,-0.072,-0.015,22366.137,99.252,7570.287,8.155,2.817,0.147
17.500,15955.087,-9120.916,0.000,5536.659,48.114,-3166.116,84.137,0.000,0.000,-0.003,-0.004,5551.258,48.399,-3174.559,84.280,-0.219,-0.034,23861.859,100.414,7797.850,7.384,2.822,0.145,62.541,0.002,-0.004,0.000,0.000,5612.729,52.377,-3209.683,83.248,-0.197,-0.032,23864.260,100.424,7798.421,7.384,2.808,0.146,62.542,0.002,-0.004,0.000,0.000,5653.541,56.097,-3232.999,81.946,-0.212,-0.034,23865.594,100.431,7798.825,7.384,2.802,0.147
18.000,16023.964,-8999.360,0.000,5560.556,47.473,-3123.956,84.501,0.000,0.000,-0.006,0.002,5575.255,47.754,-3132.368,84.640,-0.138,-0.020,25419.957,101.569,8017.618,6.650,2.811,0.145,63.328,-0.002,0.003,0.000,0.000,5638.741,51.755,-3168.007,83.664,-0.120,-0.019,25422.541,101.579,8018.223,6.649,2.796,0.146,63.329,-0.002,0.003,0.000,0.000,5681.404,55.499,-3191.954,82.416,-0.133,-0.021,25423.959,101.586,8018.626,6.649,2.790,0.147
18.500,16091.915,-8877.284,0.000,5584.131,46.830,-3081.616,84.859,0.000,0.000,-0.001,-0.002,5599.000,47.115,-3089.808,85.021,-0.175,-0.024,27037.625,102.698,8227.987,5.952,2.801,0.145,64.102,0.004,-0.001,0.000,0.000,5664.494,51.139,-3125.923,84.101,-0.159,-0.023,27040.382,102.709,8228.621,5.952,2.787,0.146,64.103,0.004,-0.001,0.000,0.000,5709.041,54.906,-3150.484,82.907,-0.170,-0.024,27041.906,102.716,8229.031,5.952,2.780,0.147
19.000,16158.936,-8754.695,0.000,5607.385,46.183,-3039.098,85.212,0.000,0.000,-0.005,-0.000,5622.389,46.468,-3047.212,85.377,-0.163,-0.021,28715.393,103.802,8428.466,5.293,2.794,0.145,64.861,-0.000,0.001,0.000,0.000,5689.904,50.513,-3083.776,84.514,-0.149,-0.020,28718.339,103.812,8429.131,5.292,2.779,0.145,64.862,-0.000,0.001,0.000,0.000,5736.337,54.303,-3108.920,83.375,-0.159,-0.021,28719.941,103.820,8429.543,5.293,2.771,0.146
19.500,16225.023,-8631.600,0.000,5630.314,45.535,-2996.405,85.561,0.000,0.000,0.000,-0.003,5645.510,45.825,-3004.277,85.750,-0.236,-0.029,30453.862,104.879,8618.426,4.672,2.788,0.144,65.607,0.005,-0.002,0.000,0.000,5715.049,49.890,-3041.257,84.944,-0.224,-0.029,30456.989,104.889,8619.122,4.671,2.772,0.145,65.608,0.005,-0.002,0.000,0.000,5763.395,53.704,-3066.965,83.860,-0.232,-0.030,30458.678,104.896,8619.536,4.672,2.764,0.146
20.000,16290.173,-8508.006,0.000,5652.919,44.883,-2953.539,85.904,0.000,0.000,-0.006,-0.000,5668.230,45.169,-2961.368,86.089,-0.223,-0.026,32253.491,105.928,8797.423,4.090,2.783,0.144,66.339,-0.002,0.001,0.000,0.000,5739.809,49.255,-2998.739,85.341,-0.212,-0.026,32256.810,105.938,8798.149,4.090,2.767,0.145,66.340,-0.002,0.001,0.000,0.000,5790.061,53.090,-3024.974,84.311,-0.220,-0.026,32258.584,105.945,8798.565,4.090,2.758,0.146
20.500,16354.381,-8383.921,0.000,5675.197,44.229,-2910.502,86.243,0.000,0.000,-0.005,-0.001,5690.638,44.512,-2918.281,86.425,-0.228,-0.024,34114.882,106.949,8964.845,3.547,2.779,0.144,67.058,-0.001,0.000,0.000,0.000,5764.262,48.617,-2956.012,85.735,-0.219,-0.025,34118.397,106.959,8965.597,3.548,2.762,0.145,67.059,-0.001,0.000,0.000,0.000,5816.435,52.473,-2982.747,84.761,-0.224,-0.025,34120.266,106.966,8966.021,3.548,2.753,0.146
21.000,16417.644,-8259.351,0.000,5697.148,43.573,-2867.297,86.576,0.000,0.000,-0.004,0.004,5712.697,43.853,-2874.956,86.764,-0.085,-0.003,36038.485,107.941,9120.238,3.046,2.776,0.144,67.765,0.000,0.005,0.000,0.000,5788.407,47.978,-2913.032,86.132,-0.077,-0.003,36042.205,107.952,9121.011,3.046,2.759,0.145,67.766,0.000,0.005,0.000,0.000,5842.497,51.854,-2940.233,85.213,-0.081,-0.003,36044.172,107.958,9121.439,3.046,2.749,0.146
21.500,16479.958,-8134.304,0.000,5718.769,42.914,-2823.926,86.905,0.000,0.000,-0.008,-0.002,5734.441,43.189,-2831.605,87.081,-0.137,-0.010,38024.752,108.904,9263.199,2.585,2.774,0.144,68.459,-0.003,-0.002,0.000,0.000,5812.203,47.331,-2869.977,86.507,-0.131,-0.011,38028.645,108.915,9263.985,2.585,2.756,0.145,68.460,-0.003,-0.002,0.000,0.000,5868.237,51.227,-2897.625,85.644,-0.134,-0.010,38030.730,108.921,9264.424,2.586,2.745,0.146
22.000,16541.319,-8008.786,0.000,5740.061,42.252,-2780.393,87.228,0.000,0.000,-0.007,-0.001,5755.871,42.525,-2788.062,87.398,-0.166,-0.013,40074.077,109.837,9393.241,2.166,2.772,0.144,69.140,-0.002,-0.001,0.000,0.000,5835.701,46.684,-2826.703,86.883,-0.161,-0.014,40078.168,109.848,9394.043,2.166,2.753,0.145,69.141,-0.002,-0.001,0.000,0.000,5893.687,50.599,-2854.769,86.076,-0.164,-0.014,40080.367,109.854,9394.484,2.166,2.742,0.146
22.500,16601.725,-7882.806,0.000,5761.021,41.588,-2736.699,87.547,0.000,0.000,-0.004,0.002,5776.949,41.861,-2744.209,87.728,-0.074,0.000,42186.815,110.740,9510.016,1.789,2.771,0.144,69.809,0.002,0.003,0.000,0.000,5858.880,46.037,-2783.101,87.272,-0.070,-0.000,42191.119,110.750,9510.835,1.789,2.751,0.145,69.810,0.002,0.003,0.000,0.000,5918.821,49.971,-2811.553,86.521,-0.072,0.000,42193.438,110.757,9511.281,1.789,2.740,0.146
23.000,16661.171,-7756.370,0.000,5781.649,40.922,-2692.847,87.860,0.000,0.000,-0.004,0.003,5797.711,41.194,-2700.229,88.049,0.023,0.014,44363.344,111.611,9613.285,1.454,2.770,0.144,70.466,0.001,0.003,0.000,0.000,5881.750,45.388,-2739.342,87.652,0.026,0.013,44367.843,111.622,9614.114,1.455,2.750,0.145,70.467,0.001,0.003,0.000,0.000,5943.655,49.338,-2768.153,86.958,0.025,0.014,44370.289,111.628,9614.565,1.455,2.737,0.146
23.500,16719.654,-7629.486,0.000,5801.942,40.253,-2648.839,88.169,0.000,0.000,-0.009,-0.002,5818.128,40.521,-2656.273,88.342,-0.033,0.005,46603.928,112.451,9702.720,1.163,2.769,0.144,71.111,-0.004,-0.002,0.000,0.000,5904.253,44.728,-2695.564,88.004,-0.030,0.004,46608.620,112.461,9703.553,1.164,2.748,0.145,71.112,-0.004,-0.002,0.000,0.000,5968.139,48.697,-2724.708,87.367,-0.031,0.005,46611.195,112.468,9704.011,1.164,2.735,0.146
24.000,16777.171,-7502.161,0.000,5821.901,39.582,-2604.679,88.472,0.000,0.000,-0.006,0.003,5838.221,39.849,-2612.024,88.649,0.068,0.019,48908.854,113.259,9777.921,0.916,2.769,0.144,71.744,0.000,0.003,0.000,0.000,5926.465,44.072,-2651.474,88.370,0.070,0.018,48913.757,113.269,9778.760,0.917,2.747,0.145,71.745,0.000,0.003,0.000,0.000,5992.334,48.056,-2680.920,87.790,0.069,0.019,48916.488,113.276,9779.225,0.917,2.734,0.146
24.500,16833.719,-7374.403,0.000,5841.524,38.908,-2560.368,88.770,0.000,0.000,-0.011,0.002,5858.013,39.172,-2567.823,88.928,0.124,0.025,51278.361,114.033,9838.759,0.713,2.768,0.144,72.366,-0.005,0.001,0.000,0.000,5948.371,43.409,-2607.396,88.709,0.126,0.024,51283.457,114.043,9839.601,0.714,2.746,0.145,72.367,-0.005,0.001,0.000,0.000,6016.229,47.410,-2637.114,88.186,0.126,0.025,51286.352,114.050,9840.070,0.714,2.732,0.146
25.000,16889.293,-7246.218,0.000,5860.809,38.233,-2515.909,89.063,0.000,0.000,-0.005,0.001,5877.403,38.497,-2523.192,89.234,0.161,0.029,53712.568,114.775,9884.892,0.555,2.768,0.144,72.976,0.002,0.001,0.000,0.000,5969.888,42.747,-2562.862,89.075,0.162,0.028,53717.879,114.785,9885.731,0.556,2.745,0.145,72.977,0.002,0.001,0.000,0.000,6039.749,46.763,-2592.827,88.609,0.162,0.029,53720.934,114.792,9886.202,0.556,2.730,0.146
25.500,16943.892,-7117.614,0.000,5879.756,37.555,-2471.305,89.351,0.000,0.000,-0.008,0.001,5896.496,37.818,-2478.546,89.520,0.191,0.031,56211.790,115.482,9916.365,0.442,2.768,0.144,73.576,-0.001,0.000,0.000,0.000,5991.109,42.081,-2518.280,89.422,0.190,0.030,56217.317,115.492,9917.202,0.443,2.744,0.145,73.576,-0.001,0.000,0.000,0.000,6062.980,46.112,-2548.462,89.014,0.191,0.031,56220.543,115.499,9917.676,0.444,2.729,0.146
26.000,16997.511,-6988.599,0.000,5898.364,36.875,-2426.559,89.634,0.000,0.000,-0.006,0.003,5915.242,37.138,-2433.683,89.811,0.276,0.040,58776.093,116.156,9932.944,0.375,2.768,0.144,74.164,0.001,0.002,0.000,0.000,6011.996,41.414,-2473.453,89.772,0.275,0.040,58781.841,116.166,9933.781,0.376,2.744,0.145,74.165,0.001,0.002,0.000,0.000,6085.884,45.459,-2503.824,89.422,0.276,0.041,58785.238,116.173,9934.259,0.377,2.727,0.146
26.500,17050.148,-6859.181,0.000,5916.631,36.193,-2381.672,89.912,0.000,0.000,-0.005,-0.001,5933.590,36.454,-2388.624,90.099,0.207,0.028,61405.582,116.795,9934.595,0.355,2.768,0.144,74.741,0.002,-0.003,0.000,0.000,6032.480,40.742,-2428.396,90.121,0.206,0.027,61411.536,116.805,9935.423,0.355,2.743,0.145,74.742,0.002,-0.003,0.000,0.000,6108.399,44.800,-2458.929,89.829,0.206,0.028,61415.113,116.812,9935.906,0.356,2.726,0.146
27.000,17101.799,-6729.366,0.000,5934.556,35.509,-2336.648,90.184,0.000,0.000,-0.007,-0.002,5951.630,35.769,-2343.490,90.376,0.135,0.016,64100.416,117.399,9921.288,0.380,2.767,0.144,75.307,0.000,-0.003,0.000,0.000,6052.662,40.067,-2383.233,90.459,0.133,0.015,64106.605,117.409,9922.114,0.381,2.742,0.145,75.308,0.000,-0.003,0.000,0.000,6130.616,44.138,-2413.898,90.225,0.134,0.016,64110.375,117.416,9922.601,0.382,2.724,0.146
27.500,17152.463,-6599.161,0.000,5952.139,34.822,-2291.489,90.451,0.000,0.000,-0.007,0.003,5969.343,35.082,-2298.235,90.646,0.228,0.028,66860.564,117.968,9892.953,0.453,2.767,0.144,75.863,-0.000,0.003,0.000,0.000,6072.529,39.390,-2337.923,90.790,0.226,0.027,66867.002,117.978,9893.777,0.454,2.741,0.145,75.864,0.000,0.003,0.000,0.000,6152.521,43.473,-2368.688,90.615,0.227,0.028,66870.953,117.985,9894.260,0.454,2.723,0.146
28.000,17202.134,-6468.576,0.000,5969.379,34.134,-2246.198,90.713,0.000,0.000,-0.004,0.000,5986.687,34.393,-2252.733,90.924,0.211,0.024,69685.980,118.501,9849.588,0.573,2.767,0.144,76.408,0.003,-0.001,0.000,0.000,6092.032,38.711,-2292.334,91.129,0.208,0.023,69692.661,118.511,9850.408,0.574,2.741,0.145,76.409,0.003,-0.001,0.000,0.000,6174.071,42.806,-2323.173,91.013,0.209,0.023,69696.805,118.518,9850.887,0.574,2.722,0.146
28.500,17250.812,-6337.617,0.000,5986.273,33.444,-2200.777,90.970,0.000,0.000,-0.008,0.003,6003.717,33.702,-2207.229,91.181,0.281,0.032,72576.668,118.998,9791.331,0.741,2.767,0.144,76.943,-0.001,0.002,0.000,0.000,6111.225,38.028,-2246.713,91.447,0.278,0.031,72583.590,119.008,9792.144,0.741,2.740,0.145,76.944,-0.001,0.002,0.000,0.000,6195.312,42.134,-2277.594,91.390,0.278,0.032,72587.945,119.015,9792.624,0.742,2.720,0.146
29.000,17298.493,-6206.291,0.000,6002.822,32.752,-2155.229,91.221,0.000,0.000,-0.009,0.002,6020.407,33.008,-2161.644,91.428,0.331,0.036,75532.483,119.458,9718.165,0.956,2.767,0.144,77.468,-0.002,0.001,0.000,0.000,6130.079,37.342,-2200.978,91.755,0.328,0.036,75539.675,119.469,9718.970,0.957,2.739,0.145,77.468,-0.002,0.001,0.000,0.000,6216.218,41.458,-2231.872,91.756,0.328,0.036,75544.203,119.476,9719.450,0.958,2.719,0.146
29.500,17345.174,-6074.607,0.000,6019.025,32.058,-2109.556,91.468,0.000,0.000,-0.006,-0.004,6036.667,32.311,-2115.779,91.685,0.166,0.011,78553.290,119.882,9630.176,1.220,2.767,0.144,77.982,0.002,-0.006,0.000,0.000,6148.504,36.653,-2154.932,92.074,0.162,0.010,78560.756,119.892,9630.971,1.221,2.739,0.145,77.982,0.002,-0.006,0.000,0.000,6236.709,40.779,-2185.812,92.134,0.162,0.010,78565.461,119.900,9631.448,1.222,2.718,0.146
30.000,17390.852,-5942.571,0.000,6034.880,31.362,-2063.762,91.709,0.000,0.000,-0.009,-0.001,6052.661,31.613,-2069.919,91.924,0.109,0.002,81639.037,120.269,9527.653,1.533,2.767,0.144,78.486,-0.001,-0.002,0.000,0.000,6166.667,35.962,-2108.862,92.374,0.106,0.001,81646.784,120.279,9528.442,1.534,2.738,0.145,78.486,-0.001,-0.002,0.000,0.000,6256.938,40.097,-2139.697,92.494,0.106,0.002,81651.672,120.287,9528.915,1.535,2.716,0.146
30.500,17435.526,-5810.193,0.000,6050.386,30.664,-2017.848,91.944,0.000,0.000,-0.006,-0.001,6068.294,30.915,-2023.853,92.169,0.071,-0.003,84789.417,120.619,9410.699,1.894,2.767,0.144,78.979,0.001,-0.001,0.000,0.000,6184.478,35.270,-2062.555,92.681,0.067,-0.004,84797.452,120.629,9411.475,1.895,2.737,0.145,78.980,0.001,-0.001,0.000,0.000,6276.820,39.413,-2093.316,92.860,0.067,-0.004,84802.539,120.636,9411.944,1.896,2.715,0.146
31.000,17479.192,-5677.478,0.000,6065.543,29.965,-1971.819,92.175,0.000,0.000,-0.006,-0.001,6083.581,30.216,-1977.656,92.409,0.037,-0.008,88004.229,120.931,9279.632,2.305,2.767,0.144,79.463,0.002,-0.001,0.000,0.000,6201.944,34.575,-2016.087,92.983,0.034,-0.008,88012.550,120.941,9280.395,2.306,2.737,0.145,79.464,0.002,-0.001,0.000,0.000,6296.363,38.726,-2046.743,93.222,0.033,-0.008,88017.844,120.949,9280.856,2.307,2.714,0.146
31.500,17521.848,-5544.435,0.000,6080.350,29.263,-1925.675,92.400,0.000,0.000,-0.011,-0.000,6098.518,29.511,-1931.518,92.622,0.023,-0.009,91283.193,121.206,9134.739,2.765,2.767,0.144,79.937,-0.004,-0.000,0.000,0.000,6219.058,33.875,-1969.645,93.257,0.020,-0.010,91291.798,121.216,9135.488,2.766,2.736,0.145,79.938,-0.004,-0.000,0.000,0.000,6315.550,38.033,-2000.165,93.556,0.019,-0.010,91297.281,121.223,9135.941,2.767,2.712,0.146
32.000,17563.491,-5411.072,0.000,6094.806,28.560,-1879.420,92.619,0.000,0.000,-0.006,-0.002,6113.095,28.808,-1885.082,92.853,-0.038,-0.017,94625.948,121.442,8976.181,3.274,2.767,0.144,80.401,0.002,-0.002,0.000,0.000,6235.819,33.176,-1922.875,93.551,-0.040,-0.018,94634.852,121.452,8976.913,3.276,2.735,0.145,80.402,0.002,-0.002,0.000,0.000,6334.394,37.340,-1953.232,93.909,-0.040,-0.017,94640.547,121.460,8977.355,3.277,2.711,0.146
32.500,17604.119,-5277.397,0.000,6108.911,27.856,-1833.056,92.834,0.000,0.000,-0.009,0.002,6127.288,28.100,-1838.631,93.065,0.040,-0.005,98032.192,121.641,8804.490,3.833,2.767,0.144,80.855,-0.001,0.003,0.000,0.000,6252.194,32.471,-1876.059,93.825,0.038,-0.005,98041.384,121.651,8805.203,3.835,2.734,0.145,80.856,-0.001,0.003,0.000,0.000,6352.850,36.641,-1906.220,94.243,0.038,-0.005,98047.320,121.658,8805.636,3.836,2.710,0.145
33.000,17643.729,-5143.416,0.000,6122.662,27.150,-1786.587,93.043,0.000,0.000,-0.007,0.001,6141.145,27.392,-1792.010,93.281,0.074,0.000,101501.612,121.801,8619.972,4.443,2.767,0.144,81.299,0.001,0.001,0.000,0.000,6268.238,31.766,-1829.042,94.103,0.072,-0.000,101511.098,121.811,8620.665,4.444,2.734,0.145,81.300,0.001,0.001,0.000,0.000,6370.980,35.941,-1858.979,94.581,0.072,-0.000,101517.250,121.818,8621.092,4.445,2.708,0.145
33.500,17682.320,-5009.138,0.000,6136.060,26.442,-1740.015,93.246,0.000,0.000,-0.008,-0.004,6154.671,26.683,-1745.316,93.488,-0.066,-0.019,105033.740,121.923,8423.125,5.102,2.767,0.144,81.734,0.000,-0.004,0.000,0.000,6283.953,31.059,-1781.921,94.373,-0.069,-0.020,105043.547,121.933,8423.803,5.103,2.733,0.145,81.735,0.000,-0.004,0.000,0.000,6388.783,35.238,-1811.604,94.911,-0.069,-0.020,105049.922,121.940,8424.222,5.105,2.707,0.145
34.000,17719.889,-4874.570,0.000,6149.104,25.733,-1693.342,93.444,0.000,0.000,-0.006,0.001,6167.792,25.972,-1698.436,93.699,-0.019,-0.011,108627.953,122.006,8214.392,5.811,2.767,0.144,82.159,0.002,0.002,0.000,0.000,6299.262,30.349,-1734.583,94.646,-0.021,-0.012,108638.078,122.016,8215.052,5.813,2.732,0.145,82.160,0.002,0.002,0.000,0.000,6406.184,34.532,-1763.982,95.244,-0.021,-0.012,108644.680,122.023,8215.457,5.814,2.705,0.145
34.500,17756.434,-4739.721,0.000,6161.793,25.022,-1646.571,93.637,0.000,0.000,-0.007,0.002,6180.583,25.260,-1651.492,93.900,0.036,-0.003,112283.966,122.050,7994.364,6.571,2.767,0.144,82.575,0.001,0.002,0.000,0.000,6314.243,29.637,-1687.151,94.909,0.034,-0.003,112294.409,122.061,7995.004,6.573,2.732,0.145,82.576,0.001,0.002,0.000,0.000,6423.258,33.822,-1716.235,95.568,0.034,-0.003,112301.227,122.068,7995.398,6.574,2.704,0.145
35.000,17791.953,-4604.598,0.000,6174.126,24.310,-1599.706,93.825,0.000,0.000,-0.006,-0.002,6193.040,24.546,-1604.435,94.098,-0.036,-0.013,116001.152,122.056,7763.559,7.381,2.767,0.144,82.981,0.002,-0.002,0.000,0.000,6328.891,28.924,-1639.575,95.170,-0.038,-0.013,116011.940,122.067,7764.177,7.382,2.731,0.145,82.982,0.002,-0.002,0.000,0.000,6440.002,33.112,-1668.315,95.889,-0.037,-0.013,116018.945,122.074,7764.557,7.384,2.703,0.145
35.500,17826.443,-4469.208,0.000,6186.102,23.596,-1552.747,94.007,0.000,0.000,-0.009,0.002,6205.108,23.829,-1557.389,94.276,0.019,-0.004,119778.839,122.024,7522.577,8.241,2.767,0.144,83.377,-0.002,0.002,0.000,0.000,6343.144,28.205,-1591.976,95.410,0.017,-0.005,119789.932,122.034,7523.174,8.242,2.730,0.145,83.378,-0.002,0.002,0.000,0.000,6456.347,32.395,-1620.340,96.189,0.017,-0.004,119797.180,122.041,7523.543,8.244,2.701,0.145
36.000,17859.904,-4333.561,0.000,6197.722,22.881,-1505.700,94.183,0.000,0.000,-0.009,-0.001,6216.845,23.112,-1510.244,94.450,-0.024,-0.010,123616.503,121.952,7271.957,9.151,2.767,0.144,83.764,-0.001,-0.001,0.000,0.000,6199.648,22.560,-1506.111,94.301,-0.020,-0.009,90.351,1.004,6.484,0.162,4.474,0.092,15.056,-0.001,-0.001,0.000,0.000,6231.866,24.169,-1512.502,94.627,1.269,0.173,139.961,1.107,7.682,0.221,2.665,0.145
36.500,17892.332,-4197.663,0.000,6208.983,22.165,-1458.565,94.354,0.000,0.000,-0.009,-0.001,6228.231,22.394,-1463.011,94.620,-0.049,-0.013,127513.391,121.842,7012.388,10.112,2.767,0.144,84.142,-0.001,-0.001,0.000,0.000,6210.246,21.824,-1458.837,94.461,-0.069,-0.014,59.051,0.972,4.311,0.161,4.653,0.098,13.809,-0.001,-0.001,0.001,0.001,6243.221,23.430,-1465.271,94.777,1.126,0.140,141.583,1.118,7.617,0.215,2.687,0.145
37.000,17923.726,-4061.522,0.000,6219.886,21.447,-1411.346,94.520,0.000,0.000,-0.005,0.001,6239.201,21.674,-1415.532,94.804,-0.019,-0.008,131468.738,121.693,6744.585,11.124,2.767,0.144,84.510,0.003,0.001,0.000,0.000,6220.956,21.103,-1411.518,94.625,-0.071,-0.014,50.239,0.964,3.658,0.159,4.663,0.102,13.363,0.004,0.001,0.001,0.001,6254.591,22.704,-1417.890,94.947,1.039,0.118,144.100,1.130,7.579,0.208,2.705,0.145
37.500,17954.084,-3925.147,0.000,6230.430,20.729,-1364.046,94.680,0.000,0.000,-0.010,-0.001,6249.856,20.953,-1368.145,94.959,-0.055,-0.012,135482.001,121.505,6469.446,12.186,2.767,0.144,84.869,-0.002,-0.001,0.000,0.000,6231.077,20.368,-1364.128,94.778,-0.103,-0.016,45.703,0.964,3.416,0.153,4.267,0.102,13.069,-0.001,-0.001,0.001,0.001,6265.342,21.968,-1370.519,95.089,0.893,0.089,147.473,1.141,7.556,0.202,2.720,0.145
38.000,17983.404,-3788.544,0.000,6240.615,20.009,-1316.667,94.835,0.000,0.000,-0.010,-0.004,6260.178,20.231,-1320.674,95.112,-0.168,-0.027,139552.247,121.278,6187.597,13.298,2.767,0.144,85.219,-0.001,-0.003,0.000,0.000,6241.210,19.652,-1316.743,94.927,-0.198,-0.025,42.717,0.961,3.236,0.148,3.978,0.104,12.856,-0.001,-0.003,0.001,0.001,6275.828,21.235,-1323.072,95.231,0.677,0.052,151.673,1.154,7.538,0.197,2.731,0.145
38.500,18011.686,-3651.723,0.000,6250.439,19.287,-1269.212,94.984,0.000,0.000,-0.014,-0.002,6270.203,19.509,-1273.259,95.243,-0.229,-0.034,143678.459,121.013,5899.879,14.461,2.767,0.144,85.559,-0.005,-0.001,0.000,0.000,6250.697,18.924,-1269.332,95.058,-0.228,-0.027,40.812,0.956,3.102,0.145,3.762,0.107,12.706,-0.004,-0.001,0.001,0.001,6285.820,20.496,-1275.630,95.352,0.518,0.026,156.673,1.166,7.518,0.192,2.740,0.145
39.000,18038.926,-3514.691,0.000,6259.902,18.565,-1221.684,95.128,0.000,0.000,-0.009,-0.003,6279.814,18.787,-1225.589,95.393,-0.323,-0.044,147859.387,120.708,5607.060,15.675,2.767,0.144,85.890,0.001,-0.002,0.000,0.000,6260.048,18.200,-1221.725,95.203,-0.286,-0.031,39.708,0.948,3.002,0.143,3.600,0.110,12.606,0.001,-0.002,0.000,0.000,6295.759,19.768,-1227.999,95.497,0.333,-0.002,162.448,1.178,7.489,0.187,2.747,0.145
39.500,18065.124,-3377.456,0.000,6269.004,17.842,-1174.085,95.266,0.000,0.000,-0.011,0.000,6288.991,18.060,-1177.885,95.529,-0.278,-0.035,152094.585,120.366,5310.228,16.938,2.767,0.144,86.212,-0.001,0.002,0.000,0.000,6268.856,17.471,-1174.094,95.332,-0.244,-0.026,39.224,0.938,2.928,0.142,3.476,0.114,12.547,-0.001,0.002,0.000,0.000,6305.286,19.037,-1180.326,95.631,0.293,-0.007,168.974,1.191,7.446,0.183,2.752,0.145
40.000,18090.278,-3240.025,0.000,6277.744,17.118,-1126.418,95.399,0.000,0.000,-0.011,0.003,6297.774,17.332,-1130.105,95.660,-0.145,-0.014,156383.411,119.985,5010.298,18.252,2.767,0.144,86.524,-0.001,0.005,0.000,0.000,6277.130,16.725,-1126.351,95.460,-0.142,-0.014,39.241,0.925,2.873,0.141,3.382,0.118,12.521,-0.001,0.004,0.000,0.000,6314.479,18.307,-1132.575,95.762,0.347,0.001,176.230,1.203,7.386,0.179,2.756,0.145
40.500,18114.386,-3102.407,0.000,6286.121,16.392,-1078.686,95.527,0.000,0.000,-0.013,-0.001,6306.343,16.607,-1082.331,95.781,-0.175,-0.017,160724.803,119.566,4708.260,19.615,2.767,0.144,86.827,-0.002,-0.001,0.000,0.000,6285.226,15.993,-1078.629,95.575,-0.160,-0.016,39.675,0.911,2.832,0.141,3.308,0.121,12.522,-0.003,-0.001,0.000,0.000,6323.312,17.575,-1084.791,95.884,0.246,-0.013,184.200,1.215,7.307,0.176,2.758,0.145
41.000,18137.447,-2964.610,0.000,6294.136,15.666,-1030.892,95.648,0.000,0.000,-0.014,-0.000,6314.608,15.883,-1034.534,95.893,-0.155,-0.013,165117.252,119.108,4405.094,21.029,2.766,0.144,87.121,-0.003,0.001,0.000,0.000,6292.924,15.262,-1030.847,95.685,-0.110,-0.010,40.469,0.896,2.803,0.141,3.251,0.125,12.547,-0.003,0.001,0.000,0.000,6331.778,16.843,-1036.963,95.998,0.202,-0.019,192.873,1.228,7.206,0.173,2.760,0.145
41.500,18159.460,-2826.642,0.000,6301.787,14.939,-983.039,95.765,0.000,0.000,-0.010,-0.002,6322.245,15.151,-986.473,96.020,-0.186,-0.017,169559.375,118.613,4101.847,22.491,2.766,0.144,87.406,0.002,-0.001,0.000,0.000,6300.377,14.530,-982.945,95.799,-0.155,-0.015,41.583,0.881,2.783,0.141,3.206,0.128,12.590,0.001,-0.001,0.000,0.000,6340.029,16.115,-988.926,96.132,0.111,-0.030,202.238,1.240,7.083,0.171,2.761,0.144
42.000,18180.424,-2688.510,0.000,6309.074,14.211,-935.129,95.875,0.000,0.000,-0.012,0.000,6329.654,14.422,-938.450,96.132,-0.147,-0.010,174051.449,118.080,3799.786,24.003,2.766,0.144,87.681,-0.000,0.001,0.000,0.000,6307.412,13.800,-935.046,95.899,-0.132,-0.011,42.989,0.867,2.770,0.142,3.169,0.131,12.650,-0.001,0.001,0.000,0.000,6347.867,15.385,-940.883,96.251,0.098,-0.030,212.288,1.251,6.937,0.170,2.762,0.144
42.500,18200.337,-2550.223,0.000,6315.997,13.482,-887.164,95.981,0.000,0.000,-0.012,-0.001,6336.689,13.692,-890.363,96.239,-0.157,-0.011,178591.646,117.511,3499.966,25.564,2.766,0.144,87.948,-0.000,-0.000,0.000,0.000,6314.263,13.089,-887.170,95.987,-0.150,-0.012,44.670,0.853,2.761,0.143,3.139,0.133,12.723,-0.001,-0.000,0.000,0.000,6355.356,14.654,-892.768,96.367,0.041,-0.036,223.020,1.263,6.770,0.169,2.762,0.144
43.000,18219.198,-2411.788,0.000,6322.556,12.752,-839.149,96.080,0.000,0.000,-0.005,-0.000,6343.036,12.953,-841.953,96.368,-0.142,-0.008,183178.862,116.904,3203.577,27.172,2.766,0.144,88.205,0.007,0.001,0.000,0.000,6320.826,12.372,-839.038,96.099,-0.148,-0.010,46.616,0.840,2.756,0.143,3.113,0.136,12.808,0.006,0.001,0.000,0.000,6362.585,13.925,-844.374,96.512,0.014,-0.037,234.431,1.274,6.581,0.169,2.762,0.144
43.500,18237.006,-2273.215,0.000,6328.749,12.022,-791.085,96.174,0.000,0.000,-0.009,0.001,6349.328,12.220,-793.693,96.472,-0.080,0.001,187812.878,116.262,2911.994,28.828,2.766,0.144,88.453,0.002,0.002,0.000,0.000,6326.799,11.639,-790.974,96.186,-0.161,-0.011,48.823,0.828,2.754,0.144,3.089,0.138,12.902,0.002,0.002,0.000,0.000,6369.372,13.193,-796.064,96.627,0.039,-0.031,246.518,1.286,6.372,0.169,2.762,0.144
44.000,18253.761,-2134.509,0.000,6334.577,11.291,-742.976,96.263,0.000,0.000,-0.009,0.003,6355.302,11.488,-745.370,96.574,0.018,0.015,192491.402,115.583,2626.315,30.532,2.766,0.144,88.693,0.002,0.003,0.000,0.000,6332.464,10.911,-742.813,96.275,-0.077,0.001,51.295,0.818,2.754,0.146,3.068,0.139,13.006,0.003,0.003,0.000,0.000,6375.796,12.460,-747.672,96.740,0.105,-0.020,259.282,1.297,6.145,0.170,2.761,0.144
44.500,18269.460,-1995.681,0.000,6340.040,10.559,-694.823,96.346,0.000,0.000,-0.013,0.002,6360.894,10.755,-697.143,96.649,0.078,0.022,197212.747,114.869,2347.827,32.282,2.766,0.144,88.923,-0.002,0.002,0.000,0.000,6337.765,10.188,-694.719,96.344,0.019,0.013,54.040,0.809,2.755,0.147,3.047,0.141,13.119,-0.002,0.002,0.000,0.000,6381.822,11.725,-699.364,96.828,0.137,-0.014,272.723,1.307,5.901,0.172,2.761,0.144
45.000,18284.103,-1856.737,0.000,6345.136,9.826,-646.631,96.423,0.000,0.000,-0.011,-0.002,6366.007,10.018,-648.777,96.730,0.023,0.013,201975.853,114.118,2077.765,34.080,2.766,0.144,89.144,0.000,-0.002,0.000,0.000,6342.936,9.481,-646.563,96.415,0.034,0.016,57.071,0.801,2.757,0.148,3.026,0.142,13.239,0.001,-0.002,0.000,0.000,6387.503,10.990,-650.921,96.923,0.058,-0.024,286.841,1.318,5.643,0.174,2.761,0.144
45.500,18297.690,-1717.685,0.000,6349.866,9.094,-598.401,96.495,0.000,0.000,-0.009,-0.002,6370.758,9.281,-600.318,96.813,-0.053,0.001,206779.914,113.333,1817.554,35.925,2.766,0.144,89.356,0.002,-0.002,0.000,0.000,6347.716,8.766,-598.295,96.490,0.003,0.012,60.405,0.795,2.759,0.149,3.005,0.143,13.367,0.003,-0.003,0.000,0.000,6392.824,10.255,-602.371,97.021,-0.039,-0.036,301.633,1.328,5.374,0.177,2.761,0.144
46.000,18310.219,-1578.535,0.000,6354.230,8.360,-550.136,96.562,0.000,0.000,-0.013,-0.000,6375.207,8.546,-551.979,96.870,-0.052,0.001,211623.534,112.514,1568.614,37.816,2.766,0.144,89.558,-0.003,-0.000,0.000,0.000,6351.904,8.033,-550.077,96.546,0.027,0.014,64.063,0.791,2.761,0.150,2.984,0.144,13.501,-0.002,-0.000,0.000,0.000,6397.761,9.518,-553.924,97.093,-0.056,-0.036,317.101,1.337,5.096,0.181,2.760,0.144
46.500,18321.690,-1439.293,0.000,6358.226,7.626,-501.840,96.622,0.000,0.000,-0.012,0.000,6379.304,7.810,-503.540,96.932,-0.028,0.005,216504.770,111.660,1332.287,39.754,2.766,0.144,89.752,-0.000,0.001,0.000,0.000,6355.755,7.301,-501.790,96.602,0.049,0.016,68.072,0.787,2.763,0.152,2.961,0.144,13.643,0.000,0.000,0.000,0.000,6402.335,8.781,-505.365,97.170,-0.047,-0.032,333.241,1.347,4.814,0.185,2.760,0.144
47.000,18332.103,-1299.968,0.000,6361.856,6.892,-453.515,96.677,0.000,0.000,-0.009,0.000,6382.970,7.071,-454.960,97.002,-0.014,0.006,221422.189,110.772,1110.082,41.737,2.766,0.144,89.937,0.003,0.000,0.000,0.000,6359.409,6.582,-453.435,96.660,0.065,0.018,72.460,0.786,2.765,0.153,2.938,0.145,13.792,0.003,-0.000,0.000,0.000,6406.540,8.043,-456.660,97.256,-0.046,-0.029,350.053,1.356,4.531,0.189,2.760,0.144
47.500,18341.455,-1160.568,0.000,6365.118,6.157,-405.163,96.727,0.000,0.000,-0.015,0.000,6386.332,6.335,-406.585,97.035,-0.002,0.008,226374.663,109.851,903.544,43.764,2.766,0.144,90.112,-0.004,0.000,0.000,0.000,6362.372,5.836,-405.156,96.694,0.071,0.017,77.260,0.785,2.766,0.154,2.915,0.145,13.949,-0.003,-0.000,0.000,0.000,6410.383,7.305,-408.145,97.305,-0.043,-0.027,367.533,1.365,4.250,0.195,2.760,0.144
48.000,18349.748,-1021.101,0.000,6368.013,5.422,-356.789,96.771,0.000,0.000,-0.011,0.003,6389.322,5.598,-358.037,97.084,0.093,0.020,231359.918,108.897,714.103,45.837,2.766,0.144,90.278,0.001,0.003,0.000,0.000,6365.096,5.101,-356.775,96.737,0.163,0.029,82.505,0.787,2.767,0.155,2.891,0.145,14.112,0.001,0.002,0.000,0.000,6413.849,6.566,-359.448,97.370,0.044,-0.013,385.679,1.373,3.978,0.201,2.759,0.144
48.500,18356.980,-881.575,0.000,6370.540,4.686,-308.393,96.809,0.000,0.000,-0.014,0.000,6391.990,4.862,-309.546,97.118,0.103,0.020,236376.695,107.910,543.396,47.954,2.766,0.144,90.435,-0.002,-0.000,0.000,0.000,6367.431,4.364,-308.441,96.764,0.161,0.026,88.230,0.789,2.768,0.157,2.868,0.146,14.283,-0.001,-0.000,0.000,0.000,6416.952,5.828,-310.798,97.419,0.047,-0.012,404.489,1.381,3.718,0.207,2.759,0.144
49.000,18363.152,-741.997,0.000,6372.699,3.951,-259.980,96.842,0.000,0.000,-0.012,0.000,6394.201,4.123,-260.958,97.155,0.099,0.018,241423.219,106.891,392.997,50.115,2.766,0.144,90.584,0.001,-0.000,0.000,0.000,6369.473,3.632,-260.020,96.797,0.159,0.024,94.466,0.794,2.769,0.158,2.845,0.146,14.461,0.001,-0.001,0.000,0.000,6419.676,5.087,-262.045,97.473,0.039,-0.012,423.960,1.388,3.477,0.215,2.759,0.144
49.500,18368.262,-602.377,0.000,6374.491,3.215,-211.552,96.869,0.000,0.000,-0.013,0.000,6396.081,3.385,-212.385,97.183,0.091,0.016,246498.543,105.842,264.560,52.319,2.766,0.144,90.723,-0.000,-0.001,0.000,0.000,6371.129,2.897,-211.619,96.819,0.149,0.021,101.239,0.799,2.770,0.159,2.823,0.146,14.646,-0.000,-0.001,0.000,0.000,6422.035,4.347,-213.297,97.517,0.028,-0.013,444.091,1.395,3.260,0.222,2.759,0.144
50.000,18372.310,-462.723,0.000,6375.914,2.479,-163.112,96.891,0.000,0.000,-0.012,-0.000,6397.548,2.645,-163.761,97.210,0.075,0.013,251600.779,104.762,159.735,54.565,2.766,0.144,90.854,0.001,-0.001,0.000,0.000,6372.448,2.165,-163.173,96.841,0.125,0.017,108.564,0.806,2.769,0.161,2.807,0.146,14.837,0.001,-0.001,0.000,0.000,6424.017,3.606,-164.490,97.561,0.009,-0.014,464.878,1.402,3.073,0.231,2.759,0.144
50.500,18375.297,-323.041,0.000,6376.969,1.742,-114.662,96.907,0.000,0.000,-0.016,-0.002,6398.782,1.910,-115.259,97.215,0.008,0.002,256728.414,103.652,80.221,56.853,2.766,0.144,90.977,-0.003,-0.002,0.000,0.000,6373.330,1.429,-114.850,96.838,0.053,0.006,116.425,0.813,2.769,0.163,2.795,0.146,15.034,-0.003,-0.002,0.000,0.000,6425.650,2.867,-115.795,97.581,-0.058,-0.023,486.320,1.408,2.924,0.240,2.759,0.144
51.000,18377.222,-183.341,0.000,6377.656,1.006,-66.205,96.918,0.000,0.000,-0.012,0.001,6399.427,1.168,-66.586,97.235,0.056,0.009,261878.405,102.512,27.722,59.182,2.766,0.144,91.097,0.002,0.001,0.000,0.000,6373.873,0.693,-66.363,96.853,0.095,0.011,124.794,0.820,2.771,0.165,2.787,0.146,15.234,0.002,0.001,0.000,0.000,6426.885,2.124,-66.923,97.619,-0.010,-0.015,508.413,1.414,2.818,0.250,2.759,0.144
51.500,18378.085,-43.630,0.000,6377.975,0.270,-17.745,96.922,0.000,0.000,-0.015,0.001,6399.890,0.431,-18.015,97.236,0.085,0.012,267050.885,101.343,4.009,61.551,2.766,0.144,91.252,-0.001,0.001,0.000,0.000,6374.010,-0.044,-17.981,96.847,0.119,0.013,133.647,0.828,2.778,0.168,2.783,0.146,15.438,-0.001,0.001,0.000,0.000,6427.769,1.383,-18.144,97.636,0.019,-0.009,531.156,1.419,2.764,0.260,2.759,0.144
52.000,18377.885,96.083,0.000,6377.926,-0.467,30.716,96.922,0.000,0.000,-0.013,-0.002,6399.845,-0.309,30.640,97.242,0.016,0.002,272242.745,100.147,10.853,63.960,2.766,0.144,91.802,0.001,-0.002,0.000,0.000,6373.809,-0.780,30.474,96.846,0.147,0.016,142.610,0.835,2.790,0.171,2.778,0.146,15.635,0.001,-0.002,0.000,0.000,6428.264,0.641,30.727,97.658,-0.049,-0.018,554.544,1.424,2.770,0.271,2.758,0.144
52.500,18376.624,235.791,0.000,6377.509,-1.203,79.175,96.915,0.000,0.000,-0.013,0.000,6399.480,-1.049,79.276,97.240,0.023,0.003,277453.167,98.923,50.060,66.408,2.766,0.144,92.561,0.000,0.000,0.000,0.000,6373.315,-1.511,78.939,96.842,0.125,0.012,151.210,0.838,2.801,0.173,2.776,0.147,15.817,0.001,-0.000,0.000,0.000,6428.393,-0.102,79.588,97.673,-0.039,-0.016,578.574,1.428,2.844,0.283,2.758,0.144
53.000,18374.300,375.485,0.000,6376.723,-1.940,127.630,96.903,0.000,0.000,-0.010,-0.000,6398.644,-1.792,128.000,97.243,0.011,0.001,282680.105,97.673,123.461,68.894,2.766,0.144,93.334,0.003,-0.000,0.000,0.000,6372.447,-2.242,127.373,96.828,0.100,0.008,159.134,0.838,2.811,0.174,2.783,0.147,15.980,0.003,-0.001,0.000,0.000,6428.130,-0.846,128.546,97.694,-0.049,-0.016,603.240,1.432,2.994,0.295,2.758,0.144
53.500,18370.915,515.158,0.000,6375.569,-2.676,176.078,96.886,0.000,0.000,-0.018,-0.001,6397.639,-2.526,176.454,97.206,-0.032,-0.005,287922.160,96.397,232.891,71.416,2.766,0.144,94.107,-0.005,-0.001,0.000,0.000,6371.075,-2.981,175.764,96.803,0.123,0.011,166.144,0.833,2.817,0.174,2.806,0.148,16.121,-0.005,-0.002,0.000,0.000,6427.555,-1.585,177.239,97.672,-0.090,-0.020,628.535,1.435,3.230,0.308,2.758,0.144
54.000,18366.468,654.801,0.000,6374.047,-3.412,224.515,96.863,0.000,0.000,-0.014,0.001,6396.146,-3.266,225.062,97.186,0.000,-0.000,293175.104,95.095,380.296,73.977,2.766,0.144,94.879,0.000,0.001,0.000,0.000,6369.984,-3.683,224.344,96.807,0.033,-0.002,172.093,0.825,2.819,0.173,2.854,0.149,16.241,0.000,0.000,0.000,0.000,6426.572,-2.328,226.097,97.669,-0.055,-0.014,654.444,1.438,3.562,0.321,2.758,0.144
54.500,18360.959,794.405,0.000,6372.157,-4.148,272.940,96.834,0.000,0.000,-0.014,-0.001,6394.308,-4.005,273.668,97.162,-0.036,-0.005,298439.114,93.769,567.554,76.574,2.775,0.144,95.648,0.001,-0.001,0.000,0.000,6368.234,-4.401,272.724,96.775,-0.093,-0.019,176.923,0.813,2.817,0.172,2.933,0.150,16.342,-0.001,-0.001,0.000,0.000,6425.215,-3.071,274.958,97.661,-0.089,-0.018,680.944,1.440,3.999,0.335,2.758,0.144
55.000,18354.390,933.964,0.000,6369.899,-4.883,321.348,96.800,0.000,0.000,-0.010,0.000,6391.909,-4.750,322.373,97.147,-0.023,-0.003,303712.020,92.420,796.596,79.206,2.773,0.144,96.415,0.004,0.000,0.000,0.000,6366.387,-5.105,321.200,96.756,-0.205,-0.032,180.676,0.798,2.813,0.171,3.046,0.152,16.426,0.003,0.001,0.000,0.000,6423.459,-3.817,323.935,97.664,-0.072,-0.014,707.989,1.442,4.553,0.350,2.757,0.144
55.500,18346.759,1073.469,0.000,6367.274,-5.619,369.739,96.760,0.000,0.000,-0.012,-0.001,6389.344,-5.489,371.015,97.119,-0.054,-0.007,308992.831,91.048,1069.316,81.870,2.772,0.144,97.179,0.002,-0.001,0.000,0.000,6363.640,-5.841,369.615,96.719,-0.201,-0.030,183.075,0.780,2.824,0.171,3.137,0.153,16.484,0.002,0.000,0.000,0.000,6421.345,-4.561,372.847,97.652,-0.100,-0.017,735.486,1.443,5.232,0.365,2.757,0.144
56.000,18338.068,1212.912,0.000,6364.281,-6.354,418.107,96.714,0.000,0.000,-0.018,0.001,6386.335,-6.225,419.409,97.054,-0.014,-0.001,314278.390,89.655,1387.705,84.567,2.771,0.144,97.941,-0.005,0.001,0.000,0.000,6360.814,-6.561,417.967,96.674,-0.142,-0.019,183.061,0.755,2.836,0.171,3.236,0.154,16.499,-0.005,0.002,0.000,0.000,6418.912,-5.300,421.527,97.604,-0.057,-0.010,763.248,1.443,6.048,0.381,2.757,0.144
56.500,18328.318,1352.285,0.000,6360.920,-7.088,466.452,96.663,0.000,0.000,-0.016,-0.000,6383.088,-6.961,467.883,97.000,-0.023,-0.002,319566.337,88.240,1753.901,87.299,2.770,0.144,98.699,-0.001,-0.000,0.000,0.000,6357.492,-7.288,466.264,96.617,-0.144,-0.019,180.532,0.725,2.849,0.171,3.339,0.154,16.469,-0.003,0.000,0.000,0.000,6416.085,-6.041,470.284,97.564,-0.063,-0.010,790.919,1.441,7.008,0.398,2.756,0.144
57.000,18317.508,1491.580,0.000,6357.192,-7.823,514.770,96.607,0.000,0.000,-0.012,0.001,6379.282,-7.702,516.448,96.955,0.003,0.001,324854.501,86.805,2169.880,90.064,2.769,0.144,99.455,0.003,0.001,0.000,0.000,6354.282,-7.989,514.689,96.581,-0.151,-0.019,175.597,0.691,2.863,0.171,3.442,0.155,16.394,0.001,0.001,0.000,0.000,6412.857,-6.785,519.151,97.537,-0.034,-0.006,817.851,1.438,8.117,0.414,2.755,0.144
57.500,18305.639,1630.788,0.000,6353.098,-8.556,563.058,96.544,0.000,0.000,-0.016,0.002,6375.281,-8.437,564.869,96.889,0.066,0.010,330142.361,85.351,2637.596,92.858,2.768,0.144,100.208,-0.001,0.002,0.000,0.000,6350.212,-8.718,562.914,96.510,-0.100,-0.010,168.553,0.653,2.876,0.170,3.539,0.155,16.278,-0.003,0.003,0.000,0.000,6409.292,-7.526,567.872,97.486,0.032,0.004,842.957,1.431,9.372,0.430,2.754,0.144
58.000,18292.713,1769.902,0.000,6348.636,-9.290,611.313,96.477,0.000,0.000,-0.013,-0.002,6370.780,-9.176,613.332,96.828,-0.004,-0.000,335426.268,83.878,3159.207,95.684,2.767,0.144,100.958,0.001,-0.002,0.000,0.000,6346.403,-9.413,611.285,96.465,-0.142,-0.017,159.845,0.614,2.889,0.169,3.627,0.155,16.123,-0.000,-0.001,0.000,0.000,6405.325,-8.269,616.651,97.441,-0.035,-0.005,864.576,1.420,10.755,0.445,2.752,0.144
58.500,18278.729,1908.914,0.000,6343.808,-10.023,659.533,96.403,0.000,0.000,-0.013,-0.001,6365.961,-9.914,661.788,96.765,-0.028,-0.004,340705.375,82.387,3736.726,98.538,2.767,0.144,101.705,0.002,-0.001,0.000,0.000,6341.537,-10.145,659.524,96.393,-0.138,-0.015,149.977,0.576,2.901,0.167,3.703,0.155,15.937,0.000,-0.000,0.000,0.000,6400.983,-9.012,665.425,97.393,-0.056,-0.008,880.474,1.401,12.234,0.458,2.751,0.144
59.000,18263.690,2047.816,0.000,6338.614,-10.755,707.715,96.324,0.000,0.000,-0.016,-0.003,6360.864,-10.646,710.091,96.680,-0.116,-0.016,345977.252,80.880,4372.223,101.419,2.767,0.144,102.449,-0.002,-0.003,0.000,0.000,6336.331,-10.874,707.645,96.305,-0.174,-0.019,139.464,0.539,2.913,0.166,3.767,0.155,15.726,-0.003,-0.002,0.000,0.000,6396.296,-9.751,714.046,97.322,-0.142,-0.019,888.092,1.373,13.752,0.468,2.748,0.144
59.500,18247.594,2186.599,0.000,6333.053,-11.486,755.857,96.240,0.000,0.000,-0.014,-0.000,6355.330,-11.382,758.426,96.599,-0.116,-0.015,351238.499,79.358,5067.940,104.329,2.767,0.144,103.190,0.001,0.000,0.000,0.000,6330.802,-11.601,755.777,96.220,-0.159,-0.016,128.755,0.504,2.923,0.165,3.816,0.155,15.497,-0.001,0.001,0.001,0.001,6391.230,-10.492,762.713,97.256,-0.139,-0.018,885.154,1.335,15.236,0.474,2.746,0.144
60.000,18230.444,2325.256,0.000,6327.127,-12.217,803.954,96.150,0.000,0.000,-0.017,-0.001,6349.511,-12.113,806.645,96.503,-0.125,-0.015,356488.350,77.820,5825.931,107.265,2.766,0.144,103.927,-0.002,-0.000,0.000,0.000,6325.359,-12.306,803.883,96.135,-0.146,-0.015,118.214,0.472,2.933,0.163,3.854,0.155,15.257,-0.003,0.000,0.001,0.001,6385.827,-11.229,811.265,97.174,-0.146,-0.017,870.398,1.286,16.610,0.475,2.743,0.144
60.500,18212.240,2463.779,0.000,6320.836,-12.947,852.005,96.054,0.000,0.000,-0.017,0.003,6343.235,-12.845,854.822,96.402,-0.010,0.002,361723.543,76.268,6648.444,110.228,2.766,0.144,104.662,-0.001,0.004,0.000,0.000,6319.417,-13.018,851.946,96.043,-0.017,0.002,108.102,0.444,2.942,0.162,3.879,0.154,15.010,-0.003,0.004,0.001,0.001,6380.106,-11.965,859.800,97.090,-0.029,0.000,844.126,1.227,17.809,0.471,2.740,0.144
61.000,18192.984,2602.159,0.000,6314.180,-13.677,900.007,95.953,0.000,0.000,-0.011,0.000,6336.340,-13.586,903.106,96.318,0.005,0.004,366942.135,74.704,7537.628,113.216,2.766,0.144,105.394,0.004,0.000,0.000,0.000,6313.016,-13.733,900.018,95.954,-0.060,-0.006,98.597,0.419,2.951,0.161,3.895,0.154,14.763,0.003,0.000,0.001,0.001,6373.858,-12.710,908.465,97.024,-0.012,0.002,808.226,1.162,18.798,0.463,2.737,0.144
61.500,18172.677,2740.389,0.000,6307.159,-14.406,947.957,95.846,0.000,0.000,-0.015,-0.003,6329.307,-14.318,951.231,96.212,-0.097,-0.010,372144.412,73.128,8495.402,116.225,2.766,0.144,106.122,0.000,-0.003,0.000,0.000,6306.407,-14.441,948.057,95.862,-0.104,-0.014,89.797,0.397,2.959,0.160,3.903,0.153,14.517,-0.001,-0.003,0.001,0.001,6367.252,-13.450,956.948,96.932,-0.111,-0.012,765.537,1.094,19.572,0.452,2.735,0.144
62.000,18151.319,2878.460,0.000,6299.775,-15.133,995.853,95.734,0.000,0.000,-0.015,-0.003,6321.998,-15.049,999.332,96.105,-0.177,-0.021,377326.372,71.542,9524.146,119.256,2.766,0.144,106.847,0.001,-0.002,0.000,0.000,6298.894,-15.174,995.969,95.749,-0.119,-0.014,81.743,0.378,2.967,0.159,3.904,0.153,14.277,-0.001,-0.002,0.001,0.001,6360.278,-14.190,1005.399,96.837,-0.189,-0.022,719.130,1.027,20.153,0.438,2.734,0.144
62.500,18128.912,3016.365,0.000,6292.026,-15.860,1043.691,95.616,0.000,0.000,-0.018,-0.002,6314.364,-15.776,1047.292,95.980,-0.218,-0.025,382485.013,69.946,10626.000,122.309,2.766,0.144,107.569,-0.002,-0.001,0.000,0.000,6291.046,-15.905,1043.725,95.618,-0.124,-0.013,74.436,0.362,2.975,0.158,3.900,0.153,14.044,-0.004,-0.001,0.001,0.001,6353.035,-14.924,1053.725,96.725,-0.228,-0.026,671.654,0.962,20.574,0.424,2.732,0.144
63.000,18105.457,3154.096,0.000,6283.914,-16.586,1091.468,95.493,0.000,0.000,-0.016,-0.006,6306.552,-16.501,1095.279,95.860,-0.385,-0.046,387617.853,68.340,11803.343,125.383,2.766,0.144,108.288,-0.001,-0.005,0.000,0.000,6282.622,-16.642,1091.394,95.477,-0.263,-0.030,67.848,0.348,2.983,0.157,3.891,0.152,13.820,-0.002,-0.005,0.001,0.001,6345.281,-15.662,1102.027,96.613,-0.392,-0.047,625.058,0.902,20.872,0.409,2.731,0.144
63.500,18080.956,3291.644,0.000,6275.440,-17.312,1139.183,95.364,0.000,0.000,-0.016,-0.001,6298.013,-17.230,1143.151,95.730,-0.370,-0.041,392719.615,66.727,13058.178,128.476,2.766,0.144,109.003,-0.000,0.001,0.000,0.000,6274.124,-17.367,1139.092,95.347,-0.225,-0.022,61.934,0.336,2.991,0.157,3.880,0.152,13.605,-0.002,0.001,0.001,0.001,6337.303,-16.396,1150.307,96.499,-0.377,-0.041,580.651,0.848,21.080,0.395,2.731,0.144
64.000,18055.411,3429.002,0.000,6266.603,-18.036,1186.831,95.230,0.000,0.000,-0.016,-0.004,6289.379,-17.956,1191.036,95.604,-0.475,-0.053,397794.025,65.107,14392.887,131.587,2.766,0.144,109.715,0.001,-0.003,0.000,0.000,6265.017,-18.101,1186.660,95.200,-0.320,-0.032,56.640,0.327,2.999,0.156,3.866,0.152,13.401,-0.001,-0.003,0.001,0.001,6328.833,-17.134,1198.533,96.382,-0.479,-0.053,539.116,0.799,21.225,0.382,2.731,0.144
64.500,18028.821,3566.162,0.000,6257.405,-18.759,1234.412,95.090,0.000,0.000,-0.012,-0.003,6280.060,-18.689,1238.912,95.481,-0.510,-0.054,402835.274,63.481,15809.514,134.715,2.766,0.144,110.424,0.004,-0.000,0.000,0.000,6255.735,-18.827,1234.298,95.069,-0.369,-0.036,51.911,0.318,3.008,0.156,3.851,0.151,13.207,0.003,-0.001,0.001,0.001,6319.949,-17.876,1246.807,96.273,-0.514,-0.054,500.765,0.756,21.328,0.370,2.731,0.144
65.000,18001.190,3703.116,0.000,6247.845,-19.481,1281.921,94.945,0.000,0.000,-0.017,-0.000,6270.311,-19.415,1286.523,95.327,-0.463,-0.044,407844.195,61.852,17310.126,137.856,2.766,0.144,111.129,-0.001,0.002,0.000,0.000,6246.454,-19.531,1281.745,94.918,-0.404,-0.041,47.689,0.311,3.016,0.156,3.835,0.151,13.024,-0.002,0.002,0.001,0.001,6310.930,-18.604,1294.885,96.138,-0.466,-0.043,465.637,0.717,21.404,0.359,2.731,0.144
65.500,17972.518,3839.856,0.000,6237.924,-20.201,1329.356,94.794,0.000,0.000,-0.016,-0.001,6260.355,-20.140,1334.120,95.175,-0.444,-0.038,412819.798,60.221,18897.470,141.014,2.766,0.144,111.831,-0.000,0.001,0.000,0.000,6236.645,-20.247,1329.209,94.773,-0.364,-0.034,43.921,0.305,3.026,0.155,3.819,0.151,12.851,-0.001,0.001,0.001,0.001,6301.491,-19.334,1342.916,96.001,-0.447,-0.038,433.616,0.683,21.463,0.349,2.731,0.144
66.000,17942.808,3976.374,0.000,6227.643,-20.921,1376.714,94.638,0.000,0.000,-0.012,-0.001,6249.958,-20.870,1381.768,95.035,-0.423,-0.032,417758.083,58.586,20573.657,144.187,2.766,0.144,112.530,0.004,0.001,0.000,0.000,6226.242,-20.971,1376.580,94.618,-0.397,-0.035,40.559,0.300,3.035,0.155,3.803,0.151,12.688,0.003,0.001,0.001,0.001,6291.556,-20.072,1390.993,95.876,-0.426,-0.032,404.505,0.653,21.515,0.339,2.731,0.144
66.500,17912.061,4112.662,0.000,6217.003,-21.640,1423.993,94.476,0.000,0.000,-0.018,0.004,6239.175,-21.590,1429.128,94.861,-0.246,-0.006,422656.600,56.952,22340.523,147.369,2.766,0.144,113.226,-0.002,0.006,0.000,0.000,6215.784,-21.682,1423.838,94.455,-0.242,-0.014,37.557,0.296,3.045,0.155,3.787,0.151,12.534,-0.003,0.006,0.000,0.001,6281.550,-20.794,1438.865,95.723,-0.249,-0.005,378.067,0.626,21.563,0.331,2.731,0.144
67.000,17880.278,4248.713,0.000,6206.004,-22.357,1471.189,94.309,0.000,0.000,-0.014,-0.003,6228.068,-22.316,1476.564,94.703,-0.304,-0.013,427511.251,55.317,24200.810,150.565,2.766,0.144,113.917,0.002,-0.002,0.000,0.000,6204.819,-22.395,1471.091,94.297,-0.308,-0.022,34.875,0.293,3.056,0.155,3.771,0.151,12.391,0.002,-0.002,0.000,0.000,6270.864,-21.528,1486.742,95.578,-0.306,-0.013,354.073,0.603,21.613,0.324,2.732,0.144
67.500,17847.462,4384.518,0.000,6194.647,-23.073,1518.301,94.136,0.000,0.000,-0.018,-0.001,6216.728,-23.031,1523.790,94.520,-0.282,-0.009,432322.332,53.684,26156.431,153.770,2.766,0.144,114.606,-0.002,0.001,0.000,0.000,6193.557,-23.104,1518.137,94.116,-0.307,-0.022,32.476,0.289,3.067,0.155,3.756,0.151,12.256,-0.003,0.001,0.000,0.000,6260.007,-22.251,1534.432,95.411,-0.283,-0.009,332.277,0.582,21.667,0.317,2.732,0.144
68.000,17813.615,4520.069,0.000,6182.932,-23.787,1565.325,93.958,0.000,0.000,-0.016,-0.002,6204.990,-23.751,1571.016,94.346,-0.309,-0.012,437085.687,52.053,28210.058,156.987,2.766,0.144,115.291,0.001,-0.001,0.000,0.000,6181.777,-23.821,1565.160,93.939,-0.343,-0.025,31.510,0.291,3.239,0.159,3.460,0.148,12.181,0.000,-0.001,0.000,0.000,6248.668,-22.979,1582.109,95.249,-0.310,-0.012,312.457,0.564,21.727,0.312,2.732,0.144
68.500,17778.738,4655.360,0.000,6170.859,-24.501,1612.258,93.775,0.000,0.000,-0.015,-0.000,6192.948,-24.469,1618.183,94.168,-0.270,-0.006,441800.240,50.426,30363.659,160.212,2.766,0.144,115.972,0.001,0.001,0.000,0.000,6169.706,-24.535,1612.117,93.759,-0.299,-0.017,31.423,0.294,3.460,0.164,3.259,0.146,12.179,0.001,0.002,0.000,0.000,6236.997,-23.706,1629.728,95.085,-0.270,-0.006,294.410,0.548,21.794,0.306,2.732,0.144
69.000,17742.834,4790.381,0.000,6158.431,-25.212,1659.099,93.586,0.000,0.000,-0.011,0.002,6180.629,-25.190,1665.409,94.004,-0.163,0.009,446462.998,48.804,32619.385,163.442,2.766,0.144,116.650,0.005,0.003,0.000,0.000,6157.184,-25.255,1659.095,93.589,-0.195,-0.001,31.927,0.298,3.725,0.169,3.118,0.145,12.229,0.005,0.003,0.000,0.000,6224.902,-24.438,1677.373,94.930,-0.164,0.010,277.947,0.533,21.867,0.302,2.733,0.144
69.500,17705.904,4925.125,0.000,6145.647,-25.923,1705.844,93.392,0.000,0.000,-0.016,0.002,6168.057,-25.901,1712.378,93.809,-0.052,0.024,451068.140,47.188,34978.704,166.673,2.766,0.144,117.324,-0.001,0.003,0.000,0.000,6144.519,-25.959,1705.824,93.392,-0.070,0.014,32.866,0.303,4.032,0.175,3.017,0.145,12.314,-0.001,0.003,0.000,0.000,6212.593,-25.157,1724.778,94.747,-0.053,0.024,262.915,0.520,21.950,0.298,2.733,0.144
70.000,17667.951,5059.585,0.000,6132.509,-26.632,1752.490,93.192,0.000,0.000,-0.015,0.002,6155.177,-26.612,1759.333,93.619,0.023,0.033,455614.605,45.579,37444.664,169.909,2.766,0.144,117.994,0.001,0.002,0.000,0.000,6131.381,-26.669,1752.504,93.197,0.006,0.023,34.145,0.308,4.382,0.180,2.943,0.145,12.427,0.001,0.002,0.000,0.000,6199.847,-25.880,1772.137,94.565,0.021,0.033,249.160,0.509,22.041,0.294,2.733,0.144
70.500,17628.977,5193.752,0.000,6119.016,-27.339,1799.035,92.987,0.000,0.000,-0.019,0.002,6141.839,-27.317,1806.023,93.404,0.100,0.041,460100.880,43.978,40019.217,173.147,2.766,0.144,118.660,-0.003,0.002,0.000,0.000,6117.998,-27.367,1798.972,92.980,0.089,0.032,35.705,0.313,4.773,0.186,2.890,0.145,12.560,-0.003,0.002,0.000,0.000,6186.840,-26.593,1819.294,94.361,0.099,0.042,236.553,0.498,22.142,0.291,2.733,0.144
71.000,17588.984,5327.620,0.000,6105.170,-28.045,1845.476,92.777,0.000,0.000,-0.019,0.003,6128.361,-28.018,1852.681,93.188,0.187,0.050,464525.234,42.386,42705.197,176.391,2.765,0.144,119.323,-0.003,0.002,0.000,0.000,6104.242,-28.065,1845.341,92.760,0.177,0.041,37.507,0.319,5.207,0.191,2.852,0.146,12.709,-0.003,0.002,0.000,0.000,6173.468,-27.305,1866.357,94.154,0.186,0.051,224.976,0.489,22.252,0.289,2.734,0.144
71.500,17547.975,5461.179,0.000,6090.972,-28.749,1891.811,92.561,0.000,0.000,-0.018,0.000,6114.102,-28.724,1899.160,92.967,0.181,0.046,468882.802,40.803,45504.504,179.637,2.765,0.144,119.982,-0.001,-0.001,0.000,0.000,6090.044,-28.767,1891.637,92.540,0.170,0.037,39.523,0.324,5.684,0.197,2.825,0.146,12.870,-0.001,-0.001,0.000,0.000,6159.649,-28.020,1913.350,93.947,0.181,0.047,214.328,0.481,22.372,0.286,2.734,0.144
72.000,17505.952,5594.423,0.000,6076.422,-29.451,1938.036,92.340,0.000,0.000,-0.019,-0.002,6099.312,-29.429,1945.439,92.734,0.100,0.031,473178.545,39.234,48419.739,182.885,2.765,0.144,120.637,-0.002,-0.003,0.000,0.000,6075.491,-29.467,1937.790,92.310,0.086,0.023,41.732,0.330,6.207,0.202,2.806,0.146,13.039,-0.002,-0.003,0.000,0.000,6145.462,-28.732,1960.204,93.731,0.100,0.032,204.515,0.473,22.502,0.284,2.734,0.144
72.500,17462.916,5727.343,0.000,6061.521,-30.152,1984.150,92.113,0.000,0.000,-0.017,0.003,6084.638,-30.130,1991.812,92.512,0.203,0.044,477410.267,37.677,51453.340,186.134,2.765,0.144,121.289,-0.000,0.003,0.000,0.000,6060.606,-30.166,1983.892,92.084,0.189,0.036,44.122,0.335,6.776,0.208,2.793,0.146,13.216,-0.000,0.003,0.000,0.000,6130.960,-29.445,2007.020,93.518,0.203,0.044,195.462,0.466,22.642,0.283,2.734,0.144
73.000,17418.872,5859.932,0.000,6046.270,-30.851,2030.149,91.882,0.000,0.000,-0.020,-0.002,6069.432,-30.827,2037.921,92.269,0.135,0.031,481570.117,36.134,54606.602,189.379,2.765,0.144,121.937,-0.003,-0.003,0.000,0.000,6045.379,-30.859,2029.791,91.841,0.119,0.024,46.681,0.341,7.394,0.214,2.785,0.146,13.399,-0.003,-0.003,0.000,0.000,6116.090,-30.152,2053.635,93.287,0.136,0.032,187.093,0.459,22.791,0.282,2.734,0.144
73.500,17373.821,5992.183,0.000,6030.670,-31.548,2076.031,91.645,0.000,0.000,-0.017,-0.001,6053.695,-31.530,2083.966,92.033,0.109,0.025,485657.551,34.607,57882.285,192.623,2.765,0.144,122.582,0.001,-0.001,0.000,0.000,6029.760,-31.558,2075.673,91.606,0.092,0.018,49.401,0.346,8.064,0.219,2.780,0.146,13.586,0.001,-0.001,0.000,0.000,6100.807,-30.864,2100.233,93.065,0.110,0.026,179.347,0.454,22.951,0.281,2.734,0.144
74.000,17327.765,6124.088,0.000,6014.722,-32.244,2121.793,91.402,0.000,0.000,-0.016,0.000,6037.528,-32.234,2129.902,91.794,0.108,0.023,489674.685,33.098,61282.447,195.861,2.765,0.144,123.222,0.002,-0.000,0.000,0.000,6013.780,-32.257,2121.472,91.371,0.091,0.017,52.277,0.351,8.787,0.225,2.777,0.146,13.776,0.002,-0.000,0.000,0.000,6085.155,-31.577,2146.752,92.842,0.109,0.024,172.167,0.448,23.121,0.280,2.734,0.144
74.500,17280.709,6255.638,0.000,5998.427,-32.937,2167.432,91.155,0.000,0.000,-0.016,-0.003,6020.979,-32.937,2175.721,91.552,-0.004,0.006,493619.640,31.607,64809.100,199.092,2.765,0.144,123.859,0.002,-0.004,0.000,0.000,5997.444,-32.956,2167.166,91.133,-0.021,0.000,55.304,0.356,9.568,0.231,2.776,0.146,13.969,0.002,-0.004,0.000,0.000,6069.100,-32.290,2193.159,92.615,-0.002,0.007,165.499,0.443,23.301,0.279,2.735,0.144
75.000,17232.653,6386.827,0.000,5981.785,-33.629,2212.946,90.902,0.000,0.000,-0.021,-0.004,6004.711,-33.623,2221.466,91.295,-0.146,-0.014,497488.539,30.137,68464.082,202.312,2.776,0.144,124.493,-0.003,-0.004,0.000,0.000,5980.830,-33.641,2212.580,90.867,-0.164,-0.020,58.479,0.361,10.409,0.237,2.776,0.146,14.165,-0.003,-0.004,0.000,0.000,6052.798,-32.990,2239.308,92.362,-0.144,-0.013,159.298,0.438,23.492,0.279,2.735,0.144
75.500,17183.602,6517.647,0.000,5964.798,-34.319,2258.333,90.644,0.000,0.000,-0.019,-0.002,5987.887,-34.314,2267.097,91.039,-0.188,-0.019,501268.951,28.686,72249.055,205.524,2.774,0.144,125.121,-0.000,-0.001,0.000,0.000,5963.841,-34.330,2257.942,90.608,-0.206,-0.024,61.801,0.365,11.317,0.243,2.776,0.146,14.362,-0.000,-0.001,0.000,0.000,6036.125,-33.693,2285.413,92.115,-0.186,-0.018,153.527,0.434,23.693,0.279,2.735,0.144
76.000,17133.558,6648.090,0.000,5947.467,-35.006,2303.589,90.380,0.000,0.000,-0.018,-0.001,5970.543,-35.005,2312.541,90.776,-0.190,-0.018,504966.260,27.257,76166.538,208.724,2.772,0.144,125.746,-0.000,0.000,0.000,0.000,5946.504,-35.017,2303.181,90.345,-0.207,-0.023,65.268,0.370,12.294,0.249,2.777,0.146,14.561,0.000,0.000,0.000,0.000,6019.108,-34.395,2331.405,91.863,-0.188,-0.017,148.147,0.430,23.905,0.279,2.735,0.144
76.500,17082.523,6778.149,0.000,5929.792,-35.692,2348.712,90.112,0.000,0.000,-0.018,-0.003,5953.018,-35.694,2357.941,90.514,-0.262,-0.026,508581.254,25.852,80218.945,211.914,2.770,0.144,126.367,0.001,-0.002,0.000,0.000,5928.823,-35.704,2348.309,90.079,-0.279,-0.031,68.878,0.374,13.346,0.256,2.778,0.146,14.762,0.001,-0.002,0.000,0.000,6001.707,-35.097,2377.281,91.609,-0.259,-0.026,143.123,0.426,24.127,0.279,2.735,0.144
77.000,17030.501,6907.816,0.000,5911.775,-36.376,2393.700,89.838,0.000,0.000,-0.019,0.001,5934.729,-36.382,2403.001,90.233,-0.194,-0.015,512108.936,24.471,84407.739,215.089,2.769,0.144,126.984,-0.001,0.002,0.000,0.000,5910.795,-36.386,2393.262,89.803,-0.210,-0.019,72.632,0.378,14.479,0.263,2.779,0.146,14.964,-0.000,0.003,0.000,0.000,5984.017,-35.793,2423.014,91.346,-0.192,-0.015,138.428,0.422,24.360,0.280,2.735,0.144
77.500,16977.495,7037.084,0.000,5893.417,-37.057,2438.549,89.559,0.000,0.000,-0.018,0.003,5916.007,-37.070,2447.915,89.950,-0.061,0.004,515553.269,23.116,88736.136,218.252,2.768,0.144,127.598,0.000,0.004,0.000,0.000,5892.410,-37.069,2438.104,89.525,-0.076,0.001,76.528,0.382,15.697,0.269,2.779,0.146,15.167,0.001,0.004,0.000,0.000,5965.971,-36.489,2468.645,91.082,-0.060,0.004,134.031,0.418,24.604,0.280,2.736,0.144
78.000,16923.508,7165.946,0.000,5874.718,-37.737,2483.258,89.275,0.000,0.000,-0.018,-0.002,5897.225,-37.756,2492.820,89.669,-0.132,-0.006,518910.987,21.789,93205.839,221.401,2.767,0.144,128.207,0.001,-0.002,0.000,0.000,5873.705,-37.750,2482.832,89.245,-0.147,-0.009,80.566,0.386,17.007,0.277,2.780,0.146,15.371,0.001,-0.002,0.000,0.000,5947.517,-37.186,2514.135,90.812,-0.131,-0.006,129.912,0.414,24.859,0.281,2.736,0.144
78.500,16868.543,7294.393,0.000,5855.681,-38.414,2527.823,88.985,0.000,0.000,-0.019,-0.002,5878.259,-38.435,2537.597,89.380,-0.182,-0.012,522177.284,20.490,97818.152,224.532,2.767,0.144,128.812,-0.001,-0.001,0.000,0.000,5854.672,-38.426,2527.370,88.954,-0.196,-0.015,84.744,0.389,18.415,0.284,2.780,0.145,15.577,-0.000,-0.001,0.000,0.000,5928.751,-37.877,2559.452,90.532,-0.180,-0.012,126.048,0.411,25.124,0.282,2.736,0.144
79.000,16812.603,7422.418,0.000,5836.305,-39.089,2572.242,88.691,0.000,0.000,-0.020,-0.001,5858.903,-39.112,2582.208,89.084,-0.186,-0.012,525348.222,19.221,102575.032,227.645,2.766,0.144,129.414,-0.001,0.000,0.000,0.000,5835.294,-39.099,2571.759,88.657,-0.199,-0.015,89.063,0.392,19.928,0.292,2.780,0.145,15.783,-0.000,0.000,0.000,0.000,5909.651,-38.566,2604.634,90.248,-0.184,-0.012,122.418,0.408,25.401,0.283,2.736,0.144
79.500,16755.691,7550.015,0.000,5816.592,-39.762,2616.513,88.391,0.000,0.000,-0.018,0.002,5838.957,-39.792,2626.620,88.786,-0.100,0.001,528423.068,17.982,107478.609,230.740,2.766,0.144,130.011,0.001,0.003,0.000,0.000,5815.549,-39.775,2616.048,88.363,-0.112,-0.002,93.521,0.395,21.552,0.300,2.780,0.145,15.990,0.001,0.003,0.000,0.000,5890.190,-39.257,2649.727,89.965,-0.099,0.001,119.003,0.404,25.689,0.284,2.736,0.144
80.000,16697.811,7677.175,0.000,5796.543,-40.432,2660.633,88.087,0.000,0.000,-0.020,0.001,5818.948,-40.463,2670.927,88.479,-0.065,0.005,531402.627,16.775,112530.867,233.813,2.766,0.144,130.604,-0.001,0.001,0.000,0.000,5795.499,-40.443,2660.121,88.054,-0.076,0.003,98.116,0.398,23.294,0.308,2.780,0.145,16.198,-0.001,0.001,0.000,0.000,5870.417,-39.940,2694.612,89.668,-0.064,0.006,115.788,0.401,25.988,0.286,2.736,0.144
80.500,16638.966,7803.892,0.000,5776.160,-41.100,2704.599,87.777,0.000,0.000,-0.018,-0.000,5798.474,-41.137,2715.092,88.173,-0.067,0.005,534281.326,15.602,117733.543,236.866,2.765,0.144,131.193,0.001,-0.000,0.000,0.000,5775.099,-41.113,2704.107,87.748,-0.077,0.003,102.848,0.401,25.162,0.316,2.780,0.145,16.407,0.001,-0.000,0.000,0.000,5850.253,-40.626,2739.399,89.374,-0.066,0.005,112.756,0.398,26.299,0.287,2.736,0.144
81.000,16579.159,7930.158,0.000,5755.444,-41.766,2748.409,87.462,0.000,0.000,-0.015,-0.001,5777.532,-41.817,2759.148,87.871,-0.096,0.000,537059.742,14.463,123088.304,239.895,2.765,0.144,131.778,0.004,-0.001,0.000,0.000,5754.337,-41.788,2748.032,87.450,-0.106,-0.001,107.714,0.403,27.162,0.325,2.779,0.145,16.617,0.004,-0.001,0.000,0.000,5829.682,-41.318,2784.114,89.085,-0.096,0.001,109.895,0.395,26.621,0.288,2.736,0.144
81.500,16518.394,8055.965,0.000,5734.395,-42.429,2792.060,87.142,0.000,0.000,-0.018,-0.002,5756.467,-42.485,2803.030,87.554,-0.154,-0.008,539736.094,13.361,128596.053,242.895,2.765,0.144,132.359,0.001,-0.002,0.000,0.000,5733.279,-42.453,2791.701,87.132,-0.163,-0.009,112.712,0.405,29.302,0.335,2.779,0.145,16.827,0.001,-0.002,0.000,0.000,5808.831,-42.000,2828.590,88.777,-0.153,-0.008,107.192,0.391,26.954,0.290,2.736,0.144
82.000,16456.674,8181.307,0.000,5713.015,-43.090,2835.551,86.817,0.000,0.000,-0.022,0.000,5734.963,-43.144,2846.580,87.217,-0.131,-0.004,542306.876,12.295,134259.283,245.870,2.765,0.144,132.936,-0.003,0.001,0.000,0.000,5711.913,-43.108,2835.102,86.796,-0.139,-0.005,117.841,0.407,31.590,0.344,2.779,0.145,17.038,-0.003,0.001,0.000,0.000,5787.722,-42.670,2872.832,88.453,-0.130,-0.004,104.634,0.388,27.298,0.292,2.737,0.144
82.500,16394.004,8306.176,0.000,5691.305,-43.749,2878.877,86.487,0.000,0.000,-0.018,0.003,5713.130,-43.811,2890.122,86.892,-0.005,0.014,544771.370,11.267,140080.950,248.822,2.765,0.144,133.508,0.002,0.004,0.000,0.000,5690.155,-43.770,2878.464,86.473,-0.012,0.013,123.096,0.408,34.033,0.354,2.778,0.145,17.249,0.002,0.004,0.000,0.000,5766.201,-43.348,2917.034,88.141,-0.004,0.014,102.209,0.385,27.654,0.293,2.737,0.144
83.000,16330.385,8430.564,0.000,5669.266,-44.405,2922.037,86.153,0.000,0.000,-0.020,-0.000,5691.037,-44.468,2933.448,86.555,-0.010,0.012,547126.342,10.279,146060.870,251.744,2.765,0.144,134.076,-0.001,-0.000,0.000,0.000,5668.116,-44.425,2921.598,86.135,-0.017,0.011,128.477,0.410,36.640,0.364,2.778,0.145,17.461,-0.001,-0.000,0.000,0.000,5744.371,-44.019,2961.005,87.814,-0.010,0.012,99.911,0.382,28.022,0.295,2.737,0.144
83.500,16265.824,8554.466,0.000,5646.901,-45.058,2965.029,85.813,0.000,0.000,-0.021,0.000,5668.673,-45.122,2976.604,86.210,0.002,0.013,549371.842,9.331,152201.954,254.639,2.765,0.144,134.640,-0.001,0.000,0.000,0.000,5645.757,-45.074,2964.536,85.789,-0.004,0.012,133.979,0.411,39.419,0.374,2.777,0.144,17.672,-0.001,0.000,0.000,0.000,5722.225,-44.685,3004.792,87.479,0.002,0.013,97.729,0.379,28.401,0.297,2.737,0.144
84.000,16200.322,8677.873,0.000,5624.209,-45.709,3007.849,85.468,0.000,0.000,-0.021,0.003,5646.142,-45.772,3019.677,85.864,0.096,0.025,551504.704,8.425,158505.637,257.506,2.765,0.144,135.199,-0.001,0.003,0.000,0.000,5623.063,-45.721,3007.298,85.438,0.091,0.025,139.599,0.412,42.378,0.385,2.779,0.144,17.885,-0.001,0.003,0.000,0.000,5699.755,-45.349,3048.419,87.140,0.096,0.025,95.654,0.376,28.792,0.299,2.737,0.144
84.500,16133.883,8800.779,0.000,5601.193,-46.357,3050.496,85.118,0.000,0.000,-0.020,0.002,5623.231,-46.422,3062.582,85.516,0.147,0.031,553519.771,7.562,164972.407,260.341,2.765,0.144,135.754,-0.000,0.001,0.000,0.000,5600.041,-46.368,3049.917,85.087,0.143,0.030,145.334,0.412,45.525,0.396,2.778,0.144,18.097,-0.000,0.001,0.000,0.000,5676.927,-46.012,3091.897,86.799,0.147,0.031,93.679,0.372,29.194,0.301,2.737,0.144
85.000,16066.513,8923.176,0.000,5577.853,-47.002,3092.966,84.763,0.000,0.000,-0.019,0.001,5599.766,-47.073,3105.234,85.163,0.156,0.030,555418.584,6.743,171604.291,263.143,2.765,0.144,136.304,0.001,-0.000,0.000,0.000,5576.684,-47.016,3092.400,84.736,0.153,0.029,151.180,0.413,48.870,0.408,2.777,0.144,18.310,0.001,-0.000,0.000,0.000,5653.735,-46.677,3135.233,86.458,0.156,0.030,91.797,0.369,29.608,0.303,2.737,0.144
85.500,15998.214,9045.058,0.000,5554.191,-47.645,3135.258,84.404,0.000,0.000,-0.022,-0.000,5576.081,-47.715,3147.667,84.797,0.137,0.025,557203.709,5.969,178403.425,265.912,2.765,0.144,136.850,-0.002,-0.001,0.000,0.000,5553.043,-47.653,3134.628,84.369,0.134,0.025,157.134,0.413,52.421,0.420,2.777,0.144,18.522,-0.002,-0.001,0.000,0.000,5630.265,-47.332,3178.328,86.101,0.137,0.025,90.001,0.366,30.033,0.305,2.737,0.144
86.000,15928.990,9166.416,0.000,5530.209,-48.285,3177.369,84.039,0.000,0.000,-0.020,0.002,5552.064,-48.360,3190.000,84.436,0.181,0.029,558870.759,5.242,185371.527,268.648,2.765,0.144,137.392,0.001,0.001,0.000,0.000,5529.044,-48.295,3176.739,84.007,0.178,0.029,163.191,0.413,56.187,0.432,2.776,0.144,18.735,0.001,0.001,0.000,0.000,5606.425,-47.991,3221.308,85.749,0.181,0.029,88.285,0.363,30.470,0.307,2.737,0.144
86.500,15858.845,9287.245,0.000,5505.907,-48.922,3219.297,83.670,0.000,0.000,-0.022,0.001,5527.858,-48.996,3232.141,84.063,0.197,0.030,560419.180,4.562,192509.174,271.346,2.765,0.144,137.929,-0.002,0.000,0.000,0.000,5504.761,-48.927,3218.602,83.631,0.195,0.030,169.347,0.413,60.176,0.444,2.776,0.144,18.947,-0.002,0.000,0.000,0.000,5582.301,-48.640,3264.051,85.383,0.197,0.030,86.643,0.359,30.919,0.309,2.737,0.144
87.000,15787.785,9407.538,0.000,5481.287,-49.556,3261.039,83.296,0.000,0.000,-0.023,-0.000,5503.285,-49.629,3274.067,83.684,0.167,0.023,561844.937,3.932,199817.877,274.009,2.765,0.144,138.462,-0.002,-0.001,0.000,0.000,5480.168,-49.557,3260.279,83.251,0.166,0.023,175.598,0.412,64.400,0.457,2.775,0.144,19.159,-0.002,-0.001,0.000,0.000,5557.849,-49.287,3306.608,85.013,0.167,0.023,85.071,0.356,31.379,0.311,2.737,0.144
87.500,15715.811,9527.286,0.000,5456.351,-50.188,3302.592,82.917,0.000,0.000,-0.019,-0.001,5477.855,-50.273,3315.647,83.307,0.116,0.015,563147.503,3.351,207299.007,276.634,2.765,0.144,138.990,0.003,-0.002,0.000,0.000,5455.190,-50.195,3301.895,82.883,0.114,0.015,181.939,0.412,68.866,0.470,2.775,0.144,19.371,0.003,-0.002,0.000,0.000,5532.975,-49.945,3349.090,84.653,0.116,0.015,83.563,0.353,31.851,0.313,2.738,0.144
88.000,15642.930,9646.484,0.000,5431.100,-50.816,3343.955,82.533,0.000,0.000,-0.022,0.001,5452.608,-50.903,3357.208,82.922,0.139,0.017,564334.038,2.822,214955.140,279.219,2.765,0.144,139.514,-0.001,0.000,0.000,0.000,5429.946,-50.822,3343.220,82.496,0.138,0.017,188.366,0.411,73.584,0.483,2.774,0.144,19.583,-0.001,0.000,0.000,0.000,5507.857,-50.589,3391.307,84.276,0.139,0.017,82.116,0.350,32.334,0.315,2.738,0.144
88.500,15569.144,9765.124,0.000,5405.536,-51.442,3385.125,82.145,0.000,0.000,-0.021,0.001,5426.939,-51.534,3398.562,82.535,0.158,0.018,565395.404,2.345,222786.127,281.763,2.765,0.144,140.034,0.001,0.000,0.000,0.000,5404.366,-51.449,3384.392,82.110,0.157,0.018,194.874,0.410,78.565,0.497,2.774,0.144,19.795,0.001,0.000,0.000,0.000,5482.387,-51.234,3433.369,83.898,0.157,0.018,80.724,0.346,32.828,0.318,2.738,0.144
89.000,15494.459,9883.200,0.000,5379.659,-52.064,3426.099,81.752,0.000,0.000,-0.019,0.001,5400.846,-52.167,3439.722,82.148,0.177,0.020,566332.571,1.922,230793.317,284.265,2.765,0.144,140.549,0.003,0.000,0.000,0.000,5378.442,-52.078,3425.419,81.726,0.176,0.020,201.458,0.408,83.817,0.511,2.774,0.144,20.006,0.003,0.000,0.000,0.000,5456.556,-51.882,3475.286,83.523,0.176,0.020,79.385,0.343,33.334,0.320,2.738,0.144
89.500,15418.878,10000.705,0.000,5353.472,-52.684,3466.875,81.354,0.000,0.000,-0.020,-0.001,5374.555,-52.793,3480.700,81.753,0.111,0.009,567145.367,1.554,238977.431,286.721,2.765,0.144,141.059,0.001,-0.002,0.000,0.000,5352.235,-52.700,3466.212,81.331,0.110,0.009,208.113,0.407,89.351,0.525,2.774,0.144,20.216,0.001,-0.002,0.000,0.000,5430.428,-52.523,3516.970,83.136,0.110,0.009,78.094,0.340,33.851,0.322,2.738,0.144
90.000,15342.406,10117.632,0.000,5326.975,-53.301,3507.452,80.951,0.000,0.000,-0.021,0.000,5348.012,-53.415,3521.503,81.352,0.105,0.008,567830.602,1.241,247339.410,289.132,2.765,0.144,141.565,0.001,-0.000,0.000,0.000,5325.721,-53.318,3506.791,80.930,0.104,0.008,214.833,0.405,95.177,0.540,2.774,0.144,20.427,0.001,-0.000,0.000,0.000,5403.996,-53.159,3558.452,82.743,0.104,0.008,76.849,0.336,34.379,0.324,2.738,0.144
90.500,15265.047,10233.974,0.000,5300.171,-53.914,3547.826,80.544,0.000,0.000,-0.022,0.001,5321.130,-54.031,3562.046,80.943,0.125,0.010,568387.248,0.985,255880.500,291.498,2.765,0.144,142.066,-0.000,0.000,0.000,0.000,5298.916,-53.930,3547.141,80.521,0.125,0.010,221.613,0.403,101.306,0.555,2.774,0.144,20.637,-0.000,0.000,0.000,0.000,5377.270,-53.790,3599.712,82.342,0.124,0.010,75.645,0.333,34.918,0.326,2.738,0.144
91.000,15186.807,10349.725,0.000,5273.062,-54.525,3587.995,80.132,0.000,0.000,-0.019,0.000,5293.934,-54.652,3602.483,80.539,0.125,0.009,568814.874,0.787,264602.251,293.819,2.765,0.144,142.563,0.002,-0.000,0.000,0.000,5271.757,-54.547,3587.358,80.116,0.125,0.009,228.448,0.401,107.747,0.570,2.774,0.144,20.846,0.002,-0.000,0.000,0.000,5350.168,-54.425,3640.836,81.945,0.124,0.009,74.481,0.330,35.469,0.329,2.738,0.144
91.500,15107.688,10464.878,0.000,5245.647,-55.132,3627.957,79.715,0.000,0.000,-0.025,0.002,5266.317,-55.250,3642.380,80.102,0.172,0.015,569111.910,0.648,273504.086,296.090,2.765,0.144,143.054,-0.004,0.001,0.000,0.000,5244.412,-55.141,3627.195,79.684,0.172,0.015,235.333,0.399,114.512,0.585,2.773,0.144,21.055,-0.004,0.001,0.000,0.000,5322.897,-55.038,3681.605,81.522,0.171,0.015,73.353,0.326,36.030,0.331,2.738,0.144
92.000,15027.696,10579.426,0.000,5217.930,-55.736,3667.709,79.294,0.000,0.000,-0.023,-0.003,5238.579,-55.854,3682.313,79.677,0.044,-0.004,569275.960,0.568,282589.484,298.319,2.765,0.144,143.541,-0.001,-0.004,0.000,0.000,5216.713,-55.742,3666.907,79.259,0.044,-0.003,242.259,0.396,121.611,0.601,2.773,0.144,21.263,-0.001,-0.004,0.000,0.000,5295.237,-55.658,3722.232,81.105,0.044,-0.004,72.258,0.323,36.603,0.333,2.738,0.144
92.500,14946.836,10693.362,0.000,5189.912,-56.337,3707.250,78.868,0.000,0.000,-0.020,0.000,5210.318,-56.465,3721.997,79.255,0.040,-0.004,569303.468,0.549,291855.991,300.499,2.765,0.144,144.023,0.002,-0.000,0.000,0.000,5188.652,-56.349,3706.485,78.840,0.040,-0.004,249.223,0.393,129.056,0.617,2.773,0.144,21.471,0.002,-0.000,0.000,0.000,5267.207,-56.284,3762.729,80.693,0.040,-0.004,71.196,0.320,37.186,0.335,2.738,0.144
93.000,14865.112,10806.680,0.000,5161.594,-56.935,3746.576,78.438,0.000,0.000,-0.021,-0.003,5182.159,-57.068,3761.701,78.832,-0.079,-0.020,569201.674,0.593,301306.631,302.626,2.765,0.144,144.501,0.001,-0.004,0.000,0.000,5160.321,-56.948,3745.813,78.411,-0.079,-0.020,256.218,0.391,136.857,0.633,2.773,0.144,21.678,0.001,-0.004,0.000,0.000,5238.893,-56.902,3802.979,80.271,-0.079,-0.020,70.164,0.317,37.781,0.338,2.738,0.144
93.500,14782.529,10919.374,0.000,5132.978,-57.529,3785.687,78.003,0.000,0.000,-0.022,0.000,5153.383,-57.665,3800.928,78.393,-0.064,-0.017,568960.418,0.699,310937.780,304.699,2.765,0.144,144.973,-0.000,0.001,0.000,0.000,5131.704,-57.541,3784.902,77.975,-0.064,-0.017,263.239,0.387,145.024,0.650,2.773,0.144,21.884,-0.000,0.001,0.000,0.000,5210.295,-57.514,3843.001,79.842,-0.064,-0.017,69.159,0.313,38.386,0.340,2.738,0.144
94.000,14699.092,11031.437,0.000,5104.065,-58.120,3824.579,77.564,0.000,0.000,-0.022,0.000,5124.336,-58.258,3839.949,77.951,-0.046,-0.013,568588.339,0.869,320755.557,306.721,2.765,0.144,145.441,-0.000,0.001,0.000,0.000,5102.793,-58.130,3823.769,77.534,-0.046,-0.013,270.278,0.384,153.571,0.666,2.773,0.144,22.090,-0.000,0.001,0.000,0.000,5181.396,-58.123,3882.807,79.409,-0.046,-0.013,68.180,0.310,39.002,0.342,2.738,0.144
94.500,14614.805,11142.862,0.000,5074.858,-58.708,3863.250,77.120,0.000,0.000,-0.016,-0.000,5094.714,-58.868,3878.796,77.521,-0.047,-0.012,568083.767,1.104,330760.170,308.693,2.765,0.144,145.904,0.006,0.000,0.000,0.000,5073.457,-58.736,3862.577,77.110,-0.046,-0.012,277.329,0.381,162.507,0.684,2.773,0.144,22.295,0.006,0.000,0.000,0.000,5152.044,-58.749,3922.542,78.990,-0.047,-0.012,67.224,0.307,39.629,0.344,2.738,0.144
95.000,14529.674,11253.643,0.000,5045.358,-59.292,3901.698,76.671,0.000,0.000,-0.022,-0.002,5065.163,-59.453,3917.429,77.069,-0.101,-0.019,567444.130,1.404,340946.741,310.600,2.765,0.144,146.362,-0.001,-0.001,0.000,0.000,5043.962,-59.318,3900.997,76.658,-0.101,-0.019,284.388,0.377,171.844,0.701,2.773,0.144,22.499,-0.001,-0.001,0.000,0.000,5122.538,-59.350,3961.904,78.545,-0.101,-0.019,66.292,0.303,40.266,0.346,2.738,0.144
95.500,14443.702,11363.774,0.000,5015.567,-59.873,3939.920,76.219,0.000,0.000,-0.023,0.002,5034.997,-60.032,3955.548,76.603,-0.025,-0.007,566669.062,1.771,351320.187,312.456,2.765,0.144,146.815,-0.002,0.003,0.000,0.000,5014.194,-59.893,3939.168,76.199,-0.025,-0.007,291.446,0.374,181.593,0.718,2.773,0.144,22.703,-0.002,0.003,0.000,0.000,5092.757,-59.945,4001.027,78.093,-0.025,-0.007,65.380,0.300,40.914,0.349,2.738,0.144
96.000,14356.896,11473.249,0.000,4985.486,-60.450,3977.915,75.762,0.000,0.000,-0.024,-0.002,5004.889,-60.607,3993.708,76.140,-0.085,-0.015,565762.543,2.205,361884.149,314.261,2.765,0.144,147.263,-0.002,-0.002,0.000,0.000,4984.139,-60.465,3977.113,75.736,-0.084,-0.015,298.496,0.370,191.768,0.736,2.773,0.144,22.905,-0.002,-0.002,0.000,0.000,5062.672,-60.537,4039.922,77.637,-0.084,-0.015,64.487,0.297,41.572,0.351,2.738,0.144
96.500,14269.261,11582.060,0.000,4955.118,-61.024,4015.681,75.300,0.000,0.000,-0.025,0.002,4974.446,-61.174,4031.535,75.666,0.002,-0.002,564717.522,2.709,372635.112,316.012,2.765,0.144,147.707,-0.003,0.003,0.000,0.000,4953.830,-61.029,4014.788,75.265,0.002,-0.002,305.532,0.366,202.379,0.754,2.773,0.144,23.107,-0.003,0.003,0.000,0.000,5032.332,-61.120,4078.558,77.171,0.002,-0.002,63.613,0.294,42.240,0.353,2.738,0.144
97.000,14180.800,11690.201,0.000,4924.463,-61.594,4053.215,74.834,0.000,0.000,-0.023,-0.000,4943.718,-61.748,4069.250,75.200,-0.014,-0.004,563531.738,3.282,383572.480,317.708,2.805,0.145,148.146,-0.000,-0.000,0.000,0.000,4923.175,-61.598,4052.302,74.798,-0.014,-0.004,312.546,0.362,213.439,0.772,2.790,0.145,23.310,-0.000,-0.000,0.000,0.000,5001.626,-61.709,4117.027,76.711,-0.014,-0.004,62.755,0.291,42.919,0.355,2.768,0.145
97.500,14091.520,11797.667,0.000,4893.524,-62.161,4090.515,74.364,0.000,0.000,-0.023,-0.002,4912.667,-62.319,4106.713,74.729,-0.074,-0.012,562209.627,3.925,394697.587,319.345,2.797,0.145,148.579,0.000,-0.002,0.000,0.000,4892.229,-62.165,4089.589,74.329,-0.073,-0.012,319.532,0.358,224.960,0.791,2.787,0.145,23.510,0.000,-0.002,0.000,0.000,4970.618,-62.297,4155.271,76.247,-0.073,-0.012,61.912,0.288,43.608,0.357,2.762,0.144
98.000,14001.426,11904.452,0.000,4862.302,-62.724,4127.578,73.890,0.000,0.000,-0.027,-0.001,4881.809,-62.873,4144.169,74.251,-0.109,-0.016,560751.253,4.639,406010.279,320.923,2.791,0.145,149.007,-0.004,-0.001,0.000,0.000,4861.093,-62.715,4126.542,73.842,-0.109,-0.016,326.483,0.354,236.953,0.809,2.785,0.144,23.709,-0.004,-0.001,0.000,0.000,4939.416,-62.866,4193.189,75.766,-0.108,-0.016,61.084,0.285,44.307,0.359,2.757,0.144
98.500,13910.523,12010.548,0.000,4830.800,-63.284,4164.403,73.411,0.000,0.000,-0.025,-0.001,4850.480,-63.433,4181.339,73.773,-0.140,-0.019,559144.498,5.426,417504.754,322.440,2.785,0.144,149.430,-0.001,-0.001,0.000,0.000,4829.621,-63.270,4163.315,73.360,-0.139,-0.019,333.392,0.349,249.430,0.828,2.782,0.144,23.907,-0.001,-0.001,0.000,0.000,4907.865,-63.442,4230.928,75.289,-0.139,-0.019,60.269,0.281,45.016,0.361,2.753,0.144
99.000,13818.815,12115.950,0.000,4799.019,-63.840,4200.988,72.928,0.000,0.000,-0.028,-0.001,4819.345,-63.983,4218.587,73.295,-0.166,-0.022,557397.850,6.286,429184.666,323.894,2.781,0.144,149.847,-0.003,-0.001,0.000,0.000,4797.927,-63.814,4199.792,72.866,-0.166,-0.021,340.251,0.345,262.405,0.847,2.780,0.144,24.104,-0.003,-0.001,0.000,0.000,4876.085,-64.006,4268.377,74.801,-0.165,-0.021,59.467,0.278,45.734,0.364,2.750,0.144
99.500,13726.309,12220.652,0.000,4766.961,-64.392,4237.331,72.441,0.000,0.000,-0.027,-0.004,4787.965,-64.533,4255.689,72.818,-0.288,-0.037,555500.364,7.220,441042.844,325.283,2.777,0.144,150.258,-0.002,-0.003,0.000,0.000,4765.930,-64.358,4236.055,72.373,-0.287,-0.037,347.052,0.340,275.889,0.866,2.779,0.144,24.300,-0.002,-0.003,0.000,0.000,4843.988,-64.570,4305.611,74.313,-0.286,-0.037,58.677,0.275,46.463,0.366,2.747,0.144
100.000,13633.010,12324.648,0.000,4734.627,-64.941,4273.428,71.949,0.000,0.000,-0.020,0.003,4753.443,-65.096,4290.302,72.295,-0.164,-0.017,553453.477,8.228,453078.212,326.604,2.774,0.144,150.664,0.005,0.004,0.000,0.000,4733.485,-64.925,4272.245,71.898,-0.164,-0.017,353.790,0.336,289.895,0.886,2.778,0.144,24.496,0.005,0.004,0.000,0.000,4811.427,-65.157,4342.766,73.843,-0.163,-0.017,57.896,0.272,47.200,0.368,2.745,0.144
